Date,Year,Month,Origin,Destination,Vessel_Type,Cargo_Type,Cargo_Volume_MT,Vessel_Capacity_MT,Freight_Rate_USD_MT,Bunker_Price_USD_MT,Commodity_Price_Index,Season,Seasonal_Index,Distance_NM,Sailing_Duration_Days,Port_Congestion_Index,Waiting_Time_Days,Berth_Availability_Pct,Cargo_Handling_Rate_MT_Day,Weather_Risk_Index,Max_Port_Draft_M,Max_Port_LOA_M,Max_Port_Beam_M,Empty_Repositioning_NM,Estimated_Idle_Days,Freight_Rate_Change_Pct,Trend
2021-01-01,2021,1,Newcastle,Paradip,Handysize,Coal,34500,38000,29.84,498.46,113.25,Winter,1.0,4200,14.58,3.64,3.71,70.8,26172,1.28,14.5,290,45,212,4.25,0.0,Stable
2021-01-01,2021,1,Newcastle,Paradip,Supramax,Coal,55000,58000,24.0,498.46,113.25,Winter,1.0,4200,14.58,3.64,3.71,70.8,26172,1.28,14.5,290,45,112,4.22,0.0,Stable
2021-01-01,2021,1,Newcastle,Paradip,Panamax,Coal,65500,72000,23.17,498.46,113.25,Winter,1.0,4200,14.58,3.64,3.71,70.8,26172,1.28,14.5,290,45,177,4.01,0.0,Stable
2021-01-01,2021,1,Newcastle,Paradip,Capesize,Coal,157500,160000,18.26,498.46,113.25,Winter,1.0,4200,13.46,3.64,3.71,70.8,26172,1.28,14.5,290,45,255,4.01,0.0,Stable
2021-01-01,2021,1,Newcastle,Dhamra,Handysize,Coal,34500,38000,29.33,498.46,113.25,Winter,1.0,4250,14.76,2.5,2.86,76.9,26579,0.82,18.0,300,48,308,3.31,0.0,Stable
2021-01-01,2021,1,Newcastle,Dhamra,Supramax,Coal,52500,58000,26.28,498.46,113.25,Winter,1.0,4250,14.76,2.5,2.86,76.9,26579,0.82,18.0,300,48,62,3.37,0.0,Stable
2021-01-01,2021,1,Newcastle,Dhamra,Panamax,Coal,63500,72000,22.09,498.46,113.25,Winter,1.0,4250,14.76,2.5,2.86,76.9,26579,0.82,18.0,300,48,175,3.5,0.0,Stable
2021-01-01,2021,1,Newcastle,Dhamra,Capesize,Coal,151000,160000,18.37,498.46,113.25,Winter,1.0,4250,13.62,2.5,2.86,76.9,26579,0.82,18.0,300,48,135,2.94,0.0,Stable
2021-01-01,2021,1,Gladstone,Paradip,Handysize,Coal,35500,38000,30.99,498.46,113.25,Winter,1.0,4800,16.67,2.4,2.58,77.6,25881,1.93,14.5,290,45,105,3.17,0.0,Stable
2021-01-01,2021,1,Gladstone,Paradip,Supramax,Coal,56500,58000,27.66,498.46,113.25,Winter,1.0,4800,16.67,2.4,2.58,77.6,25881,1.93,14.5,290,45,92,2.94,0.0,Stable
2021-01-01,2021,1,Gladstone,Paradip,Panamax,Coal,68500,72000,24.99,498.46,113.25,Winter,1.0,4800,16.67,2.4,2.58,77.6,25881,1.93,14.5,290,45,121,2.97,0.0,Stable
2021-01-01,2021,1,Gladstone,Paradip,Capesize,Coal,145000,160000,18.5,498.46,113.25,Winter,1.0,4800,15.38,2.4,2.58,77.6,25881,1.93,14.5,290,45,225,3.35,0.0,Stable
2021-01-01,2021,1,Richards Bay,Paradip,Handysize,Coal,37000,38000,34.15,498.46,113.25,Winter,1.0,6900,23.96,2.76,3.4,72.3,26941,1.58,14.5,290,45,285,3.24,0.0,Stable
2021-01-01,2021,1,Richards Bay,Paradip,Supramax,Coal,56000,58000,29.52,498.46,113.25,Winter,1.0,6900,23.96,2.76,3.4,72.3,26941,1.58,14.5,290,45,136,3.92,0.0,Stable
2021-01-01,2021,1,Richards Bay,Paradip,Panamax,Coal,63500,72000,26.34,498.46,113.25,Winter,1.0,6900,23.96,2.76,3.4,72.3,26941,1.58,14.5,290,45,188,4.26,0.0,Stable
2021-01-01,2021,1,Richards Bay,Paradip,Capesize,Coal,148000,160000,20.59,498.46,113.25,Winter,1.0,6900,22.12,2.76,3.4,72.3,26941,1.58,14.5,290,45,119,4.12,0.0,Stable
2021-01-01,2021,1,Indonesia,Paradip,Handysize,Coal,34000,38000,25.06,498.46,113.25,Winter,1.0,3000,10.42,2.98,3.05,72.4,27101,1.66,14.5,290,45,128,3.22,0.0,Stable
2021-01-01,2021,1,Indonesia,Paradip,Supramax,Coal,55000,58000,22.06,498.46,113.25,Winter,1.0,3000,10.42,2.98,3.05,72.4,27101,1.66,14.5,290,45,160,3.53,0.0,Stable
2021-01-01,2021,1,Indonesia,Paradip,Panamax,Coal,64500,72000,19.4,498.46,113.25,Winter,1.0,3000,10.42,2.98,3.05,72.4,27101,1.66,14.5,290,45,132,3.38,0.0,Stable
2021-01-01,2021,1,Indonesia,Paradip,Capesize,Coal,149500,160000,16.15,498.46,113.25,Winter,1.0,3000,9.62,2.98,3.05,72.4,27101,1.66,14.5,290,45,310,3.63,0.0,Stable
2021-01-01,2021,1,Brazil,Dhamra,Handysize,Iron Ore,38000,38000,38.73,498.46,113.25,Winter,1.0,11000,38.19,2.94,3.17,72.4,26512,0.5,18.0,300,48,184,3.7,0.0,Stable
2021-01-01,2021,1,Brazil,Dhamra,Supramax,Iron Ore,52500,58000,34.33,498.46,113.25,Winter,1.0,11000,38.19,2.94,3.17,72.4,26512,0.5,18.0,300,48,220,3.9,0.0,Stable
2021-01-01,2021,1,Brazil,Dhamra,Panamax,Iron Ore,65500,72000,31.15,498.46,113.25,Winter,1.0,11000,38.19,2.94,3.17,72.4,26512,0.5,18.0,300,48,47,3.85,0.0,Stable
2021-01-01,2021,1,Brazil,Dhamra,Capesize,Iron Ore,160000,160000,23.28,498.46,113.25,Winter,1.0,11000,35.26,2.94,3.17,72.4,26512,0.5,18.0,300,48,114,3.73,0.0,Stable
2021-02-01,2021,2,Newcastle,Paradip,Handysize,Coal,34500,38000,30.42,513.96,110.35,Winter,1.04,4200,14.58,2.08,2.64,83.2,26954,0.5,14.5,290,45,61,3.07,1.94,Stable
2021-02-01,2021,2,Newcastle,Paradip,Supramax,Coal,57000,58000,24.44,513.96,110.35,Winter,1.04,4200,14.58,2.08,2.64,83.2,26954,0.5,14.5,290,45,174,3.07,1.83,Stable
2021-02-01,2021,2,Newcastle,Paradip,Panamax,Coal,69500,72000,22.11,513.96,110.35,Winter,1.04,4200,14.58,2.08,2.64,83.2,26954,0.5,14.5,290,45,54,3.14,-4.57,Decreasing
2021-02-01,2021,2,Newcastle,Paradip,Capesize,Coal,152000,160000,18.53,513.96,110.35,Winter,1.04,4200,13.46,2.08,2.64,83.2,26954,0.5,14.5,290,45,187,2.84,1.48,Stable
2021-02-01,2021,2,Newcastle,Dhamra,Handysize,Coal,33500,38000,31.46,513.96,110.35,Winter,1.04,4250,14.76,2.79,3.18,78.3,26979,0.6,18.0,300,48,82,3.88,7.26,Increasing
2021-02-01,2021,2,Newcastle,Dhamra,Supramax,Coal,56500,58000,26.06,513.96,110.35,Winter,1.04,4250,14.76,2.79,3.18,78.3,26979,0.6,18.0,300,48,237,3.78,-0.84,Stable
2021-02-01,2021,2,Newcastle,Dhamra,Panamax,Coal,69500,72000,25.41,513.96,110.35,Winter,1.04,4250,14.76,2.79,3.18,78.3,26979,0.6,18.0,300,48,140,3.49,15.03,Increasing
2021-02-01,2021,2,Newcastle,Dhamra,Capesize,Coal,146000,160000,18.55,513.96,110.35,Winter,1.04,4250,13.62,2.79,3.18,78.3,26979,0.6,18.0,300,48,153,3.77,0.98,Stable
2021-02-01,2021,2,Gladstone,Paradip,Handysize,Coal,38000,38000,32.94,513.96,110.35,Winter,1.04,4800,16.67,2.82,3.38,77.1,26433,0.97,14.5,290,45,91,3.62,6.29,Increasing
2021-02-01,2021,2,Gladstone,Paradip,Supramax,Coal,55500,58000,27.81,513.96,110.35,Winter,1.04,4800,16.67,2.82,3.38,77.1,26433,0.97,14.5,290,45,217,4.01,0.54,Stable
2021-02-01,2021,2,Gladstone,Paradip,Panamax,Coal,67500,72000,24.52,513.96,110.35,Winter,1.04,4800,16.67,2.82,3.38,77.1,26433,0.97,14.5,290,45,38,3.78,-1.88,Stable
2021-02-01,2021,2,Gladstone,Paradip,Capesize,Coal,154500,160000,20.26,513.96,110.35,Winter,1.04,4800,15.38,2.82,3.38,77.1,26433,0.97,14.5,290,45,60,3.94,9.51,Increasing
2021-02-01,2021,2,Richards Bay,Paradip,Handysize,Coal,35500,38000,35.84,513.96,110.35,Winter,1.04,6900,23.96,2.88,2.84,73.1,25746,1.04,14.5,290,45,246,3.62,4.95,Increasing
2021-02-01,2021,2,Richards Bay,Paradip,Supramax,Coal,52000,58000,29.8,513.96,110.35,Winter,1.04,6900,23.96,2.88,2.84,73.1,25746,1.04,14.5,290,45,201,3.48,0.95,Stable
2021-02-01,2021,2,Richards Bay,Paradip,Panamax,Coal,69000,72000,30.32,513.96,110.35,Winter,1.04,6900,23.96,2.88,2.84,73.1,25746,1.04,14.5,290,45,205,3.64,15.11,Increasing
2021-02-01,2021,2,Richards Bay,Paradip,Capesize,Coal,155000,160000,22.38,513.96,110.35,Winter,1.04,6900,22.12,2.88,2.84,73.1,25746,1.04,14.5,290,45,134,3.54,8.69,Increasing
2021-02-01,2021,2,Indonesia,Paradip,Handysize,Coal,32500,38000,26.33,513.96,110.35,Winter,1.04,3000,10.42,2.24,2.52,78.3,28931,0.72,14.5,290,45,30,2.81,5.07,Increasing
2021-02-01,2021,2,Indonesia,Paradip,Supramax,Coal,56500,58000,22.28,513.96,110.35,Winter,1.04,3000,10.42,2.24,2.52,78.3,28931,0.72,14.5,290,45,73,2.75,1.0,Stable
2021-02-01,2021,2,Indonesia,Paradip,Panamax,Coal,69000,72000,19.44,513.96,110.35,Winter,1.04,3000,10.42,2.24,2.52,78.3,28931,0.72,14.5,290,45,177,2.94,0.21,Stable
2021-02-01,2021,2,Indonesia,Paradip,Capesize,Coal,147500,160000,17.56,513.96,110.35,Winter,1.04,3000,9.62,2.24,2.52,78.3,28931,0.72,14.5,290,45,210,2.42,8.73,Increasing
2021-02-01,2021,2,Brazil,Dhamra,Handysize,Iron Ore,35500,38000,41.02,513.96,110.35,Winter,1.04,11000,38.19,2.77,2.82,71.9,26597,1.39,18.0,300,48,63,3.24,5.91,Increasing
2021-02-01,2021,2,Brazil,Dhamra,Supramax,Iron Ore,53500,58000,34.25,513.96,110.35,Winter,1.04,11000,38.19,2.77,2.82,71.9,26597,1.39,18.0,300,48,301,3.42,-0.23,Stable
2021-02-01,2021,2,Brazil,Dhamra,Panamax,Iron Ore,65000,72000,31.92,513.96,110.35,Winter,1.04,11000,38.19,2.77,2.82,71.9,26597,1.39,18.0,300,48,329,3.58,2.47,Increasing
2021-02-01,2021,2,Brazil,Dhamra,Capesize,Iron Ore,146000,160000,24.54,513.96,110.35,Winter,1.04,11000,35.26,2.77,2.82,71.9,26597,1.39,18.0,300,48,261,3.14,5.41,Increasing
2021-03-01,2021,3,Newcastle,Paradip,Handysize,Coal,37000,38000,29.9,552.83,115.98,Spring,1.0693,4200,14.58,2.27,1.49,77.2,26406,0.5,14.5,290,45,124,1.93,-1.71,Stable
2021-03-01,2021,3,Newcastle,Paradip,Supramax,Coal,57000,58000,25.59,552.83,115.98,Spring,1.0693,4200,14.58,2.27,1.49,77.2,26406,0.5,14.5,290,45,253,1.9,4.71,Increasing
2021-03-01,2021,3,Newcastle,Paradip,Panamax,Coal,65500,72000,24.32,552.83,115.98,Spring,1.0693,4200,14.58,2.27,1.49,77.2,26406,0.5,14.5,290,45,175,1.75,10.0,Increasing
2021-03-01,2021,3,Newcastle,Paradip,Capesize,Coal,150500,160000,18.83,552.83,115.98,Spring,1.0693,4200,13.46,2.27,1.49,77.2,26406,0.5,14.5,290,45,169,2.07,1.62,Stable
2021-03-01,2021,3,Newcastle,Dhamra,Handysize,Coal,35500,38000,32.59,552.83,115.98,Spring,1.0693,4250,14.76,3.17,2.96,65.7,26087,1.87,18.0,300,48,110,3.48,3.59,Increasing
2021-03-01,2021,3,Newcastle,Dhamra,Supramax,Coal,53500,58000,27.5,552.83,115.98,Spring,1.0693,4250,14.76,3.17,2.96,65.7,26087,1.87,18.0,300,48,227,3.62,5.53,Increasing
2021-03-01,2021,3,Newcastle,Dhamra,Panamax,Coal,66000,72000,25.84,552.83,115.98,Spring,1.0693,4250,14.76,3.17,2.96,65.7,26087,1.87,18.0,300,48,184,3.74,1.69,Stable
2021-03-01,2021,3,Newcastle,Dhamra,Capesize,Coal,153500,160000,19.55,552.83,115.98,Spring,1.0693,4250,13.62,3.17,2.96,65.7,26087,1.87,18.0,300,48,115,3.72,5.39,Increasing
2021-03-01,2021,3,Gladstone,Paradip,Handysize,Coal,35500,38000,33.4,552.83,115.98,Spring,1.0693,4800,16.67,2.64,2.93,78.1,26423,0.86,14.5,290,45,142,3.68,1.4,Stable
2021-03-01,2021,3,Gladstone,Paradip,Supramax,Coal,56000,58000,29.51,552.83,115.98,Spring,1.0693,4800,16.67,2.64,2.93,78.1,26423,0.86,14.5,290,45,264,3.41,6.11,Increasing
2021-03-01,2021,3,Gladstone,Paradip,Panamax,Coal,69000,72000,25.76,552.83,115.98,Spring,1.0693,4800,16.67,2.64,2.93,78.1,26423,0.86,14.5,290,45,185,3.37,5.06,Increasing
2021-03-01,2021,3,Gladstone,Paradip,Capesize,Coal,151000,160000,21.21,552.83,115.98,Spring,1.0693,4800,15.38,2.64,2.93,78.1,26423,0.86,14.5,290,45,94,3.93,4.69,Increasing
2021-03-01,2021,3,Richards Bay,Paradip,Handysize,Coal,36000,38000,36.26,552.83,115.98,Spring,1.0693,6900,23.96,1.75,1.76,84.0,28341,1.38,14.5,290,45,88,2.09,1.17,Stable
2021-03-01,2021,3,Richards Bay,Paradip,Supramax,Coal,53500,58000,31.92,552.83,115.98,Spring,1.0693,6900,23.96,1.75,1.76,84.0,28341,1.38,14.5,290,45,148,1.87,7.11,Increasing
2021-03-01,2021,3,Richards Bay,Paradip,Panamax,Coal,67000,72000,28.33,552.83,115.98,Spring,1.0693,6900,23.96,1.75,1.76,84.0,28341,1.38,14.5,290,45,114,1.87,-6.56,Decreasing
2021-03-01,2021,3,Richards Bay,Paradip,Capesize,Coal,151500,160000,22.49,552.83,115.98,Spring,1.0693,6900,22.12,1.75,1.76,84.0,28341,1.38,14.5,290,45,119,1.96,0.49,Stable
2021-03-01,2021,3,Indonesia,Paradip,Handysize,Coal,35500,38000,27.95,552.83,115.98,Spring,1.0693,3000,10.42,2.43,2.26,74.8,26937,0.5,14.5,290,45,228,2.65,6.15,Increasing
2021-03-01,2021,3,Indonesia,Paradip,Supramax,Coal,54500,58000,22.38,552.83,115.98,Spring,1.0693,3000,10.42,2.43,2.26,74.8,26937,0.5,14.5,290,45,158,2.62,0.45,Stable
2021-03-01,2021,3,Indonesia,Paradip,Panamax,Coal,68500,72000,20.19,552.83,115.98,Spring,1.0693,3000,10.42,2.43,2.26,74.8,26937,0.5,14.5,290,45,201,3.08,3.86,Increasing
2021-03-01,2021,3,Indonesia,Paradip,Capesize,Coal,150000,160000,16.94,552.83,115.98,Spring,1.0693,3000,9.62,2.43,2.26,74.8,26937,0.5,14.5,290,45,215,2.59,-3.53,Decreasing
2021-03-01,2021,3,Brazil,Dhamra,Handysize,Iron Ore,35500,38000,42.64,552.83,115.98,Spring,1.0693,11000,38.19,2.42,2.76,74.7,27109,0.85,18.0,300,48,236,3.74,3.95,Increasing
2021-03-01,2021,3,Brazil,Dhamra,Supramax,Iron Ore,53000,58000,36.4,552.83,115.98,Spring,1.0693,11000,38.19,2.42,2.76,74.7,27109,0.85,18.0,300,48,174,3.75,6.28,Increasing
2021-03-01,2021,3,Brazil,Dhamra,Panamax,Iron Ore,66000,72000,31.49,552.83,115.98,Spring,1.0693,11000,38.19,2.42,2.76,74.7,27109,0.85,18.0,300,48,112,2.67,-1.35,Stable
2021-03-01,2021,3,Brazil,Dhamra,Capesize,Iron Ore,150000,160000,25.02,552.83,115.98,Spring,1.0693,11000,35.26,2.42,2.76,74.7,27109,0.85,18.0,300,48,172,3.29,1.96,Stable
2021-04-01,2021,4,Newcastle,Paradip,Handysize,Coal,34500,38000,29.97,590.15,112.85,Spring,1.08,4200,14.58,1.31,1.98,90.1,29259,0.5,14.5,290,45,268,2.19,0.23,Stable
2021-04-01,2021,4,Newcastle,Paradip,Supramax,Coal,56500,58000,25.68,590.15,112.85,Spring,1.08,4200,14.58,1.31,1.98,90.1,29259,0.5,14.5,290,45,112,2.22,0.35,Stable
2021-04-01,2021,4,Newcastle,Paradip,Panamax,Coal,68000,72000,23.8,590.15,112.85,Spring,1.08,4200,14.58,1.31,1.98,90.1,29259,0.5,14.5,290,45,209,1.95,-2.14,Decreasing
2021-04-01,2021,4,Newcastle,Paradip,Capesize,Coal,149500,160000,19.31,590.15,112.85,Spring,1.08,4200,13.46,1.31,1.98,90.1,29259,0.5,14.5,290,45,201,2.4,2.55,Increasing
2021-04-01,2021,4,Newcastle,Dhamra,Handysize,Coal,37000,38000,32.33,590.15,112.85,Spring,1.08,4250,14.76,1.18,1.17,87.4,28058,1.6,18.0,300,48,254,1.4,-0.8,Stable
2021-04-01,2021,4,Newcastle,Dhamra,Supramax,Coal,58000,58000,29.06,590.15,112.85,Spring,1.08,4250,14.76,1.18,1.17,87.4,28058,1.6,18.0,300,48,140,1.62,5.67,Increasing
2021-04-01,2021,4,Newcastle,Dhamra,Panamax,Coal,69000,72000,25.95,590.15,112.85,Spring,1.08,4250,14.76,1.18,1.17,87.4,28058,1.6,18.0,300,48,82,1.55,0.43,Stable
2021-04-01,2021,4,Newcastle,Dhamra,Capesize,Coal,155500,160000,18.54,590.15,112.85,Spring,1.08,4250,13.62,1.18,1.17,87.4,28058,1.6,18.0,300,48,65,0.87,-5.17,Decreasing
2021-04-01,2021,4,Gladstone,Paradip,Handysize,Coal,33000,38000,32.67,590.15,112.85,Spring,1.08,4800,16.67,1.65,2.36,83.0,29158,1.71,14.5,290,45,155,2.75,-2.19,Decreasing
2021-04-01,2021,4,Gladstone,Paradip,Supramax,Coal,54500,58000,27.68,590.15,112.85,Spring,1.08,4800,16.67,1.65,2.36,83.0,29158,1.71,14.5,290,45,152,2.33,-6.2,Decreasing
2021-04-01,2021,4,Gladstone,Paradip,Panamax,Coal,69000,72000,26.55,590.15,112.85,Spring,1.08,4800,16.67,1.65,2.36,83.0,29158,1.71,14.5,290,45,84,2.52,3.07,Increasing
2021-04-01,2021,4,Gladstone,Paradip,Capesize,Coal,145500,160000,20.92,590.15,112.85,Spring,1.08,4800,15.38,1.65,2.36,83.0,29158,1.71,14.5,290,45,236,2.41,-1.37,Stable
2021-04-01,2021,4,Richards Bay,Paradip,Handysize,Coal,34000,38000,36.1,590.15,112.85,Spring,1.08,6900,23.96,2.08,2.28,79.1,26783,0.56,14.5,290,45,317,2.66,-0.44,Stable
2021-04-01,2021,4,Richards Bay,Paradip,Supramax,Coal,53500,58000,32.0,590.15,112.85,Spring,1.08,6900,23.96,2.08,2.28,79.1,26783,0.56,14.5,290,45,151,2.6,0.25,Stable
2021-04-01,2021,4,Richards Bay,Paradip,Panamax,Coal,69000,72000,29.19,590.15,112.85,Spring,1.08,6900,23.96,2.08,2.28,79.1,26783,0.56,14.5,290,45,117,2.51,3.04,Increasing
2021-04-01,2021,4,Richards Bay,Paradip,Capesize,Coal,149000,160000,21.1,590.15,112.85,Spring,1.08,6900,22.12,2.08,2.28,79.1,26783,0.56,14.5,290,45,38,3.0,-6.18,Decreasing
2021-04-01,2021,4,Indonesia,Paradip,Handysize,Coal,36500,38000,27.54,590.15,112.85,Spring,1.08,3000,10.42,2.7,2.91,75.1,28910,1.25,14.5,290,45,83,3.0,-1.47,Stable
2021-04-01,2021,4,Indonesia,Paradip,Supramax,Coal,55000,58000,23.3,590.15,112.85,Spring,1.08,3000,10.42,2.7,2.91,75.1,28910,1.25,14.5,290,45,46,3.24,4.11,Increasing
2021-04-01,2021,4,Indonesia,Paradip,Panamax,Coal,65500,72000,22.78,590.15,112.85,Spring,1.08,3000,10.42,2.7,2.91,75.1,28910,1.25,14.5,290,45,230,3.4,12.83,Increasing
2021-04-01,2021,4,Indonesia,Paradip,Capesize,Coal,157500,160000,17.33,590.15,112.85,Spring,1.08,3000,9.62,2.7,2.91,75.1,28910,1.25,14.5,290,45,91,3.78,2.3,Increasing
2021-04-01,2021,4,Brazil,Dhamra,Handysize,Iron Ore,36000,38000,43.61,590.15,112.85,Spring,1.08,11000,38.19,2.1,2.12,77.0,26516,0.87,18.0,300,48,48,2.64,2.27,Increasing
2021-04-01,2021,4,Brazil,Dhamra,Supramax,Iron Ore,53500,58000,35.93,590.15,112.85,Spring,1.08,11000,38.19,2.1,2.12,77.0,26516,0.87,18.0,300,48,112,2.28,-1.29,Stable
2021-04-01,2021,4,Brazil,Dhamra,Panamax,Iron Ore,68000,72000,31.99,590.15,112.85,Spring,1.08,11000,38.19,2.1,2.12,77.0,26516,0.87,18.0,300,48,181,2.48,1.59,Stable
2021-04-01,2021,4,Brazil,Dhamra,Capesize,Iron Ore,151000,160000,25.31,590.15,112.85,Spring,1.08,11000,35.26,2.1,2.12,77.0,26516,0.87,18.0,300,48,113,2.69,1.16,Stable
2021-05-01,2021,5,Newcastle,Paradip,Handysize,Coal,34000,38000,29.92,581.01,102.07,Spring,1.0693,4200,14.58,1.71,1.57,80.6,28344,1.67,14.5,290,45,29,1.89,-0.17,Stable
2021-05-01,2021,5,Newcastle,Paradip,Supramax,Coal,55000,58000,26.27,581.01,102.07,Spring,1.0693,4200,14.58,1.71,1.57,80.6,28344,1.67,14.5,290,45,211,1.46,2.3,Increasing
2021-05-01,2021,5,Newcastle,Paradip,Panamax,Coal,67500,72000,23.33,581.01,102.07,Spring,1.0693,4200,14.58,1.71,1.57,80.6,28344,1.67,14.5,290,45,107,1.89,-1.97,Stable
2021-05-01,2021,5,Newcastle,Paradip,Capesize,Coal,146500,160000,19.08,581.01,102.07,Spring,1.0693,4200,13.46,1.71,1.57,80.6,28344,1.67,14.5,290,45,240,1.74,-1.19,Stable
2021-05-01,2021,5,Newcastle,Dhamra,Handysize,Coal,34000,38000,32.62,581.01,102.07,Spring,1.0693,4250,14.76,1.76,1.8,85.5,26158,1.66,18.0,300,48,143,2.21,0.9,Stable
2021-05-01,2021,5,Newcastle,Dhamra,Supramax,Coal,53500,58000,27.8,581.01,102.07,Spring,1.0693,4250,14.76,1.76,1.8,85.5,26158,1.66,18.0,300,48,147,2.41,-4.34,Decreasing
2021-05-01,2021,5,Newcastle,Dhamra,Panamax,Coal,68000,72000,25.2,581.01,102.07,Spring,1.0693,4250,14.76,1.76,1.8,85.5,26158,1.66,18.0,300,48,127,2.0,-2.89,Decreasing
2021-05-01,2021,5,Newcastle,Dhamra,Capesize,Coal,148500,160000,20.23,581.01,102.07,Spring,1.0693,4250,13.62,1.76,1.8,85.5,26158,1.66,18.0,300,48,126,2.19,9.12,Increasing
2021-05-01,2021,5,Gladstone,Paradip,Handysize,Coal,32000,38000,33.13,581.01,102.07,Spring,1.0693,4800,16.67,2.44,3.08,79.5,26785,1.24,14.5,290,45,10,3.43,1.41,Stable
2021-05-01,2021,5,Gladstone,Paradip,Supramax,Coal,54500,58000,30.48,581.01,102.07,Spring,1.0693,4800,16.67,2.44,3.08,79.5,26785,1.24,14.5,290,45,186,3.46,10.12,Increasing
2021-05-01,2021,5,Gladstone,Paradip,Panamax,Coal,69500,72000,24.64,581.01,102.07,Spring,1.0693,4800,16.67,2.44,3.08,79.5,26785,1.24,14.5,290,45,178,3.71,-7.19,Decreasing
2021-05-01,2021,5,Gladstone,Paradip,Capesize,Coal,143500,160000,21.91,581.01,102.07,Spring,1.0693,4800,15.38,2.44,3.08,79.5,26785,1.24,14.5,290,45,187,3.42,4.73,Increasing
2021-05-01,2021,5,Richards Bay,Paradip,Handysize,Coal,34000,38000,37.24,581.01,102.07,Spring,1.0693,6900,23.96,1.65,2.9,83.4,27701,1.49,14.5,290,45,91,3.21,3.16,Increasing
2021-05-01,2021,5,Richards Bay,Paradip,Supramax,Coal,53500,58000,31.88,581.01,102.07,Spring,1.0693,6900,23.96,1.65,2.9,83.4,27701,1.49,14.5,290,45,186,3.45,-0.38,Stable
2021-05-01,2021,5,Richards Bay,Paradip,Panamax,Coal,66500,72000,28.13,581.01,102.07,Spring,1.0693,6900,23.96,1.65,2.9,83.4,27701,1.49,14.5,290,45,81,3.08,-3.63,Decreasing
2021-05-01,2021,5,Richards Bay,Paradip,Capesize,Coal,152000,160000,23.16,581.01,102.07,Spring,1.0693,6900,22.12,1.65,2.9,83.4,27701,1.49,14.5,290,45,86,3.41,9.76,Increasing
2021-05-01,2021,5,Indonesia,Paradip,Handysize,Coal,32500,38000,28.41,581.01,102.07,Spring,1.0693,3000,10.42,2.05,2.58,77.7,26674,2.34,14.5,290,45,212,2.94,3.16,Increasing
2021-05-01,2021,5,Indonesia,Paradip,Supramax,Coal,55000,58000,22.71,581.01,102.07,Spring,1.0693,3000,10.42,2.05,2.58,77.7,26674,2.34,14.5,290,45,355,2.98,-2.53,Decreasing
2021-05-01,2021,5,Indonesia,Paradip,Panamax,Coal,68000,72000,21.77,581.01,102.07,Spring,1.0693,3000,10.42,2.05,2.58,77.7,26674,2.34,14.5,290,45,198,3.01,-4.43,Decreasing
2021-05-01,2021,5,Indonesia,Paradip,Capesize,Coal,146500,160000,17.38,581.01,102.07,Spring,1.0693,3000,9.62,2.05,2.58,77.7,26674,2.34,14.5,290,45,310,3.29,0.29,Stable
2021-05-01,2021,5,Brazil,Dhamra,Handysize,Iron Ore,36500,38000,40.56,581.01,102.07,Spring,1.0693,11000,38.19,2.18,2.37,78.3,27428,0.91,18.0,300,48,282,2.72,-6.99,Decreasing
2021-05-01,2021,5,Brazil,Dhamra,Supramax,Iron Ore,54000,58000,35.25,581.01,102.07,Spring,1.0693,11000,38.19,2.18,2.37,78.3,27428,0.91,18.0,300,48,27,2.97,-1.89,Stable
2021-05-01,2021,5,Brazil,Dhamra,Panamax,Iron Ore,68000,72000,31.4,581.01,102.07,Spring,1.0693,11000,38.19,2.18,2.37,78.3,27428,0.91,18.0,300,48,56,2.68,-1.84,Stable
2021-05-01,2021,5,Brazil,Dhamra,Capesize,Iron Ore,158500,160000,25.62,581.01,102.07,Spring,1.0693,11000,35.26,2.18,2.37,78.3,27428,0.91,18.0,300,48,39,2.7,1.22,Stable
2021-06-01,2021,6,Newcastle,Paradip,Handysize,Coal,33500,38000,31.99,564.36,91.91,Summer,1.04,4200,14.58,0.81,1.63,92.4,28843,2.92,14.5,290,45,164,1.78,6.92,Increasing
2021-06-01,2021,6,Newcastle,Paradip,Supramax,Coal,54500,58000,26.01,564.36,91.91,Summer,1.04,4200,14.58,0.81,1.63,92.4,28843,2.92,14.5,290,45,148,1.63,-0.99,Stable
2021-06-01,2021,6,Newcastle,Paradip,Panamax,Coal,66500,72000,23.21,564.36,91.91,Summer,1.04,4200,14.58,0.81,1.63,92.4,28843,2.92,14.5,290,45,116,1.6,-0.51,Stable
2021-06-01,2021,6,Newcastle,Paradip,Capesize,Coal,151000,160000,18.32,564.36,91.91,Summer,1.04,4200,13.46,0.81,1.63,92.4,28843,2.92,14.5,290,45,280,1.11,-3.98,Decreasing
2021-06-01,2021,6,Newcastle,Dhamra,Handysize,Coal,33000,38000,30.39,564.36,91.91,Summer,1.04,4250,14.76,1.53,2.44,82.9,27899,0.96,18.0,300,48,71,3.15,-6.84,Decreasing
2021-06-01,2021,6,Newcastle,Dhamra,Supramax,Coal,56000,58000,27.61,564.36,91.91,Summer,1.04,4250,14.76,1.53,2.44,82.9,27899,0.96,18.0,300,48,217,2.43,-0.68,Stable
2021-06-01,2021,6,Newcastle,Dhamra,Panamax,Coal,66500,72000,24.32,564.36,91.91,Summer,1.04,4250,14.76,1.53,2.44,82.9,27899,0.96,18.0,300,48,62,2.89,-3.49,Decreasing
2021-06-01,2021,6,Newcastle,Dhamra,Capesize,Coal,149000,160000,18.8,564.36,91.91,Summer,1.04,4250,13.62,1.53,2.44,82.9,27899,0.96,18.0,300,48,216,2.83,-7.07,Decreasing
2021-06-01,2021,6,Gladstone,Paradip,Handysize,Coal,34500,38000,32.43,564.36,91.91,Summer,1.04,4800,16.67,0.74,1.73,91.7,29533,1.46,14.5,290,45,59,2.09,-2.11,Decreasing
2021-06-01,2021,6,Gladstone,Paradip,Supramax,Coal,54000,58000,27.27,564.36,91.91,Summer,1.04,4800,16.67,0.74,1.73,91.7,29533,1.46,14.5,290,45,243,1.69,-10.53,Decreasing
2021-06-01,2021,6,Gladstone,Paradip,Panamax,Coal,64500,72000,23.66,564.36,91.91,Summer,1.04,4800,16.67,0.74,1.73,91.7,29533,1.46,14.5,290,45,208,1.54,-3.98,Decreasing
2021-06-01,2021,6,Gladstone,Paradip,Capesize,Coal,159000,160000,18.16,564.36,91.91,Summer,1.04,4800,15.38,0.74,1.73,91.7,29533,1.46,14.5,290,45,295,1.92,-17.12,Decreasing
2021-06-01,2021,6,Richards Bay,Paradip,Handysize,Coal,35000,38000,35.36,564.36,91.91,Summer,1.04,6900,23.96,0.88,1.26,88.9,29715,2.2,14.5,290,45,130,1.4,-5.05,Decreasing
2021-06-01,2021,6,Richards Bay,Paradip,Supramax,Coal,55000,58000,29.01,564.36,91.91,Summer,1.04,6900,23.96,0.88,1.26,88.9,29715,2.2,14.5,290,45,52,1.6,-9.0,Decreasing
2021-06-01,2021,6,Richards Bay,Paradip,Panamax,Coal,68000,72000,27.07,564.36,91.91,Summer,1.04,6900,23.96,0.88,1.26,88.9,29715,2.2,14.5,290,45,161,1.5,-3.77,Decreasing
2021-06-01,2021,6,Richards Bay,Paradip,Capesize,Coal,148000,160000,21.05,564.36,91.91,Summer,1.04,6900,22.12,0.88,1.26,88.9,29715,2.2,14.5,290,45,175,1.17,-9.11,Decreasing
2021-06-01,2021,6,Indonesia,Paradip,Handysize,Coal,36500,38000,27.32,564.36,91.91,Summer,1.04,3000,10.42,1.16,1.09,87.9,28789,2.51,14.5,290,45,241,0.84,-3.84,Decreasing
2021-06-01,2021,6,Indonesia,Paradip,Supramax,Coal,52500,58000,21.98,564.36,91.91,Summer,1.04,3000,10.42,1.16,1.09,87.9,28789,2.51,14.5,290,45,162,1.43,-3.21,Decreasing
2021-06-01,2021,6,Indonesia,Paradip,Panamax,Coal,66000,72000,20.33,564.36,91.91,Summer,1.04,3000,10.42,1.16,1.09,87.9,28789,2.51,14.5,290,45,99,1.14,-6.61,Decreasing
2021-06-01,2021,6,Indonesia,Paradip,Capesize,Coal,143500,160000,15.43,564.36,91.91,Summer,1.04,3000,9.62,1.16,1.09,87.9,28789,2.51,14.5,290,45,51,1.05,-11.22,Decreasing
2021-06-01,2021,6,Brazil,Dhamra,Handysize,Iron Ore,34000,38000,41.09,564.36,91.91,Summer,1.04,11000,38.19,1.51,1.65,85.1,28313,3.32,18.0,300,48,113,1.96,1.31,Stable
2021-06-01,2021,6,Brazil,Dhamra,Supramax,Iron Ore,58000,58000,34.84,564.36,91.91,Summer,1.04,11000,38.19,1.51,1.65,85.1,28313,3.32,18.0,300,48,251,1.75,-1.16,Stable
2021-06-01,2021,6,Brazil,Dhamra,Panamax,Iron Ore,67500,72000,32.71,564.36,91.91,Summer,1.04,11000,38.19,1.51,1.65,85.1,28313,3.32,18.0,300,48,109,2.38,4.17,Increasing
2021-06-01,2021,6,Brazil,Dhamra,Capesize,Iron Ore,155000,160000,24.59,564.36,91.91,Summer,1.04,11000,35.26,1.51,1.65,85.1,28313,3.32,18.0,300,48,210,2.17,-4.02,Decreasing
2021-07-01,2021,7,Newcastle,Paradip,Handysize,Coal,35500,38000,29.24,554.96,91.63,Summer,1.0,4200,14.58,0.66,1.24,91.1,28269,2.91,14.5,290,45,204,1.63,-8.6,Decreasing
2021-07-01,2021,7,Newcastle,Paradip,Supramax,Coal,56000,58000,25.09,554.96,91.63,Summer,1.0,4200,14.58,0.66,1.24,91.1,28269,2.91,14.5,290,45,154,0.94,-3.54,Decreasing
2021-07-01,2021,7,Newcastle,Paradip,Panamax,Coal,68500,72000,22.38,554.96,91.63,Summer,1.0,4200,14.58,0.66,1.24,91.1,28269,2.91,14.5,290,45,181,1.04,-3.58,Decreasing
2021-07-01,2021,7,Newcastle,Paradip,Capesize,Coal,145000,160000,18.48,554.96,91.63,Summer,1.0,4200,13.46,0.66,1.24,91.1,28269,2.91,14.5,290,45,156,1.53,0.87,Stable
2021-07-01,2021,7,Newcastle,Dhamra,Handysize,Coal,34500,38000,29.37,554.96,91.63,Summer,1.0,4250,14.76,0.82,1.4,88.2,29089,3.07,18.0,300,48,135,1.61,-3.36,Decreasing
2021-07-01,2021,7,Newcastle,Dhamra,Supramax,Coal,53500,58000,26.49,554.96,91.63,Summer,1.0,4250,14.76,0.82,1.4,88.2,29089,3.07,18.0,300,48,88,1.5,-4.06,Decreasing
2021-07-01,2021,7,Newcastle,Dhamra,Panamax,Coal,66500,72000,24.03,554.96,91.63,Summer,1.0,4250,14.76,0.82,1.4,88.2,29089,3.07,18.0,300,48,175,1.81,-1.19,Stable
2021-07-01,2021,7,Newcastle,Dhamra,Capesize,Coal,143500,160000,18.47,554.96,91.63,Summer,1.0,4250,13.62,0.82,1.4,88.2,29089,3.07,18.0,300,48,231,1.57,-1.76,Stable
2021-07-01,2021,7,Gladstone,Paradip,Handysize,Coal,34500,38000,32.43,554.96,91.63,Summer,1.0,4800,16.67,1.39,1.7,90.7,28083,3.3,14.5,290,45,286,1.82,0.0,Stable
2021-07-01,2021,7,Gladstone,Paradip,Supramax,Coal,54000,58000,26.78,554.96,91.63,Summer,1.0,4800,16.67,1.39,1.7,90.7,28083,3.3,14.5,290,45,52,1.72,-1.8,Stable
2021-07-01,2021,7,Gladstone,Paradip,Panamax,Coal,65500,72000,23.69,554.96,91.63,Summer,1.0,4800,16.67,1.39,1.7,90.7,28083,3.3,14.5,290,45,157,2.01,0.13,Stable
2021-07-01,2021,7,Gladstone,Paradip,Capesize,Coal,158000,160000,18.62,554.96,91.63,Summer,1.0,4800,15.38,1.39,1.7,90.7,28083,3.3,14.5,290,45,238,1.89,2.53,Increasing
2021-07-01,2021,7,Richards Bay,Paradip,Handysize,Coal,35500,38000,33.97,554.96,91.63,Summer,1.0,6900,23.96,0.77,1.59,90.8,29189,2.04,14.5,290,45,356,1.57,-3.93,Decreasing
2021-07-01,2021,7,Richards Bay,Paradip,Supramax,Coal,53500,58000,28.54,554.96,91.63,Summer,1.0,6900,23.96,0.77,1.59,90.8,29189,2.04,14.5,290,45,115,1.57,-1.62,Stable
2021-07-01,2021,7,Richards Bay,Paradip,Panamax,Coal,70000,72000,27.1,554.96,91.63,Summer,1.0,6900,23.96,0.77,1.59,90.8,29189,2.04,14.5,290,45,114,1.52,0.11,Stable
2021-07-01,2021,7,Richards Bay,Paradip,Capesize,Coal,152500,160000,20.27,554.96,91.63,Summer,1.0,6900,22.12,0.77,1.59,90.8,29189,2.04,14.5,290,45,210,1.78,-3.71,Decreasing
2021-07-01,2021,7,Indonesia,Paradip,Handysize,Coal,35500,38000,25.0,554.96,91.63,Summer,1.0,3000,10.42,0.2,1.41,92.9,29489,3.5,14.5,290,45,212,1.95,-8.49,Decreasing
2021-07-01,2021,7,Indonesia,Paradip,Supramax,Coal,54000,58000,20.68,554.96,91.63,Summer,1.0,3000,10.42,0.2,1.41,92.9,29489,3.5,14.5,290,45,49,1.26,-5.91,Decreasing
2021-07-01,2021,7,Indonesia,Paradip,Panamax,Coal,67500,72000,20.46,554.96,91.63,Summer,1.0,3000,10.42,0.2,1.41,92.9,29489,3.5,14.5,290,45,118,1.5,0.64,Stable
2021-07-01,2021,7,Indonesia,Paradip,Capesize,Coal,150500,160000,16.09,554.96,91.63,Summer,1.0,3000,9.62,0.2,1.41,92.9,29489,3.5,14.5,290,45,362,1.31,4.28,Increasing
2021-07-01,2021,7,Brazil,Dhamra,Handysize,Iron Ore,34500,38000,38.98,554.96,91.63,Summer,1.0,11000,38.19,0.53,1.52,96.4,29772,2.94,18.0,300,48,248,1.82,-5.14,Decreasing
2021-07-01,2021,7,Brazil,Dhamra,Supramax,Iron Ore,55500,58000,33.9,554.96,91.63,Summer,1.0,11000,38.19,0.53,1.52,96.4,29772,2.94,18.0,300,48,253,1.96,-2.7,Decreasing
2021-07-01,2021,7,Brazil,Dhamra,Panamax,Iron Ore,69000,72000,29.58,554.96,91.63,Summer,1.0,11000,38.19,0.53,1.52,96.4,29772,2.94,18.0,300,48,171,1.91,-9.57,Decreasing
2021-07-01,2021,7,Brazil,Dhamra,Capesize,Iron Ore,148500,160000,23.87,554.96,91.63,Summer,1.0,11000,35.26,0.53,1.52,96.4,29772,2.94,18.0,300,48,128,1.62,-2.93,Decreasing
2021-08-01,2021,8,Newcastle,Paradip,Handysize,Coal,35500,38000,27.82,535.34,95.57,Summer,0.96,4200,14.58,0.2,1.13,98.0,29545,3.36,14.5,290,45,286,1.14,-4.86,Decreasing
2021-08-01,2021,8,Newcastle,Paradip,Supramax,Coal,55000,58000,24.23,535.34,95.57,Summer,0.96,4200,14.58,0.2,1.13,98.0,29545,3.36,14.5,290,45,174,1.06,-3.43,Decreasing
2021-08-01,2021,8,Newcastle,Paradip,Panamax,Coal,68000,72000,22.17,535.34,95.57,Summer,0.96,4200,14.58,0.2,1.13,98.0,29545,3.36,14.5,290,45,77,1.2,-0.94,Stable
2021-08-01,2021,8,Newcastle,Paradip,Capesize,Coal,147000,160000,17.91,535.34,95.57,Summer,0.96,4200,13.46,0.2,1.13,98.0,29545,3.36,14.5,290,45,38,1.03,-3.08,Decreasing
2021-08-01,2021,8,Newcastle,Dhamra,Handysize,Coal,33000,38000,27.11,535.34,95.57,Summer,0.96,4250,14.76,1.14,2.22,85.5,29947,3.01,18.0,300,48,195,2.3,-7.69,Decreasing
2021-08-01,2021,8,Newcastle,Dhamra,Supramax,Coal,52500,58000,25.31,535.34,95.57,Summer,0.96,4250,14.76,1.14,2.22,85.5,29947,3.01,18.0,300,48,179,2.28,-4.45,Decreasing
2021-08-01,2021,8,Newcastle,Dhamra,Panamax,Coal,65000,72000,22.95,535.34,95.57,Summer,0.96,4250,14.76,1.14,2.22,85.5,29947,3.01,18.0,300,48,212,2.4,-4.49,Decreasing
2021-08-01,2021,8,Newcastle,Dhamra,Capesize,Coal,159500,160000,17.02,535.34,95.57,Summer,0.96,4250,13.62,1.14,2.22,85.5,29947,3.01,18.0,300,48,37,2.25,-7.85,Decreasing
2021-08-01,2021,8,Gladstone,Paradip,Handysize,Coal,37000,38000,29.94,535.34,95.57,Summer,0.96,4800,16.67,0.91,1.56,89.6,28033,2.92,14.5,290,45,249,1.81,-7.68,Decreasing
2021-08-01,2021,8,Gladstone,Paradip,Supramax,Coal,55500,58000,26.26,535.34,95.57,Summer,0.96,4800,16.67,0.91,1.56,89.6,28033,2.92,14.5,290,45,195,1.88,-1.94,Stable
2021-08-01,2021,8,Gladstone,Paradip,Panamax,Coal,70500,72000,23.38,535.34,95.57,Summer,0.96,4800,16.67,0.91,1.56,89.6,28033,2.92,14.5,290,45,216,1.7,-1.31,Stable
2021-08-01,2021,8,Gladstone,Paradip,Capesize,Coal,157500,160000,18.03,535.34,95.57,Summer,0.96,4800,15.38,0.91,1.56,89.6,28033,2.92,14.5,290,45,304,1.71,-3.17,Decreasing
2021-08-01,2021,8,Richards Bay,Paradip,Handysize,Coal,34500,38000,30.98,535.34,95.57,Summer,0.96,6900,23.96,0.2,0.91,96.5,29303,2.7,14.5,290,45,123,0.34,-8.8,Decreasing
2021-08-01,2021,8,Richards Bay,Paradip,Supramax,Coal,52000,58000,28.41,535.34,95.57,Summer,0.96,6900,23.96,0.2,0.91,96.5,29303,2.7,14.5,290,45,222,1.06,-0.46,Stable
2021-08-01,2021,8,Richards Bay,Paradip,Panamax,Coal,65500,72000,24.96,535.34,95.57,Summer,0.96,6900,23.96,0.2,0.91,96.5,29303,2.7,14.5,290,45,159,0.66,-7.9,Decreasing
2021-08-01,2021,8,Richards Bay,Paradip,Capesize,Coal,157500,160000,20.53,535.34,95.57,Summer,0.96,6900,22.12,0.2,0.91,96.5,29303,2.7,14.5,290,45,142,0.96,1.28,Stable
2021-08-01,2021,8,Indonesia,Paradip,Handysize,Coal,34500,38000,25.49,535.34,95.57,Summer,0.96,3000,10.42,1.05,0.88,85.9,28041,2.92,14.5,290,45,211,0.92,1.96,Stable
2021-08-01,2021,8,Indonesia,Paradip,Supramax,Coal,55500,58000,21.87,535.34,95.57,Summer,0.96,3000,10.42,1.05,0.88,85.9,28041,2.92,14.5,290,45,233,1.08,5.75,Increasing
2021-08-01,2021,8,Indonesia,Paradip,Panamax,Coal,66500,72000,19.26,535.34,95.57,Summer,0.96,3000,10.42,1.05,0.88,85.9,28041,2.92,14.5,290,45,191,1.29,-5.87,Decreasing
2021-08-01,2021,8,Indonesia,Paradip,Capesize,Coal,153500,160000,15.79,535.34,95.57,Summer,0.96,3000,9.62,1.05,0.88,85.9,28041,2.92,14.5,290,45,117,1.39,-1.86,Stable
2021-08-01,2021,8,Brazil,Dhamra,Handysize,Iron Ore,34000,38000,36.92,535.34,95.57,Summer,0.96,11000,38.19,1.04,2.31,92.0,28887,2.69,18.0,300,48,134,2.61,-5.28,Decreasing
2021-08-01,2021,8,Brazil,Dhamra,Supramax,Iron Ore,55500,58000,31.65,535.34,95.57,Summer,0.96,11000,38.19,1.04,2.31,92.0,28887,2.69,18.0,300,48,158,3.04,-6.64,Decreasing
2021-08-01,2021,8,Brazil,Dhamra,Panamax,Iron Ore,71500,72000,29.15,535.34,95.57,Summer,0.96,11000,38.19,1.04,2.31,92.0,28887,2.69,18.0,300,48,163,2.53,-1.45,Stable
2021-08-01,2021,8,Brazil,Dhamra,Capesize,Iron Ore,154500,160000,22.2,535.34,95.57,Summer,0.96,11000,35.26,1.04,2.31,92.0,28887,2.69,18.0,300,48,139,2.08,-7.0,Decreasing
2021-09-01,2021,9,Newcastle,Paradip,Handysize,Coal,37000,38000,26.78,497.29,98.28,Autumn,0.9307,4200,14.58,2.17,2.11,79.2,28134,2.47,14.5,290,45,246,2.49,-3.74,Decreasing
2021-09-01,2021,9,Newcastle,Paradip,Supramax,Coal,54000,58000,24.07,497.29,98.28,Autumn,0.9307,4200,14.58,2.17,2.11,79.2,28134,2.47,14.5,290,45,212,2.11,-0.66,Stable
2021-09-01,2021,9,Newcastle,Paradip,Panamax,Coal,71000,72000,22.11,497.29,98.28,Autumn,0.9307,4200,14.58,2.17,2.11,79.2,28134,2.47,14.5,290,45,109,2.6,-0.27,Stable
2021-09-01,2021,9,Newcastle,Paradip,Capesize,Coal,153000,160000,17.09,497.29,98.28,Autumn,0.9307,4200,13.46,2.17,2.11,79.2,28134,2.47,14.5,290,45,115,2.33,-4.58,Decreasing
2021-09-01,2021,9,Newcastle,Dhamra,Handysize,Coal,31000,38000,28.56,497.29,98.28,Autumn,0.9307,4250,14.76,1.29,2.2,84.8,28997,3.47,18.0,300,48,20,2.34,5.35,Increasing
2021-09-01,2021,9,Newcastle,Dhamra,Supramax,Coal,52500,58000,22.89,497.29,98.28,Autumn,0.9307,4250,14.76,1.29,2.2,84.8,28997,3.47,18.0,300,48,252,2.32,-9.56,Decreasing
2021-09-01,2021,9,Newcastle,Dhamra,Panamax,Coal,68500,72000,21.43,497.29,98.28,Autumn,0.9307,4250,14.76,1.29,2.2,84.8,28997,3.47,18.0,300,48,198,2.45,-6.62,Decreasing
2021-09-01,2021,9,Newcastle,Dhamra,Capesize,Coal,144000,160000,17.9,497.29,98.28,Autumn,0.9307,4250,13.62,1.29,2.2,84.8,28997,3.47,18.0,300,48,120,2.05,5.17,Increasing
2021-09-01,2021,9,Gladstone,Paradip,Handysize,Coal,34500,38000,30.49,497.29,98.28,Autumn,0.9307,4800,16.67,1.06,2.13,86.6,28478,3.63,14.5,290,45,190,2.43,1.84,Stable
2021-09-01,2021,9,Gladstone,Paradip,Supramax,Coal,56500,58000,25.09,497.29,98.28,Autumn,0.9307,4800,16.67,1.06,2.13,86.6,28478,3.63,14.5,290,45,139,2.27,-4.46,Decreasing
2021-09-01,2021,9,Gladstone,Paradip,Panamax,Coal,67500,72000,22.37,497.29,98.28,Autumn,0.9307,4800,16.67,1.06,2.13,86.6,28478,3.63,14.5,290,45,218,2.33,-4.32,Decreasing
2021-09-01,2021,9,Gladstone,Paradip,Capesize,Coal,154000,160000,17.82,497.29,98.28,Autumn,0.9307,4800,15.38,1.06,2.13,86.6,28478,3.63,14.5,290,45,166,1.82,-1.16,Stable
2021-09-01,2021,9,Richards Bay,Paradip,Handysize,Coal,35000,38000,32.66,497.29,98.28,Autumn,0.9307,6900,23.96,1.8,2.35,74.3,29297,3.7,14.5,290,45,76,2.83,5.42,Increasing
2021-09-01,2021,9,Richards Bay,Paradip,Supramax,Coal,52500,58000,26.97,497.29,98.28,Autumn,0.9307,6900,23.96,1.8,2.35,74.3,29297,3.7,14.5,290,45,313,2.63,-5.07,Decreasing
2021-09-01,2021,9,Richards Bay,Paradip,Panamax,Coal,68000,72000,25.34,497.29,98.28,Autumn,0.9307,6900,23.96,1.8,2.35,74.3,29297,3.7,14.5,290,45,199,2.72,1.52,Stable
2021-09-01,2021,9,Richards Bay,Paradip,Capesize,Coal,152000,160000,21.55,497.29,98.28,Autumn,0.9307,6900,22.12,1.8,2.35,74.3,29297,3.7,14.5,290,45,155,2.73,4.97,Increasing
2021-09-01,2021,9,Indonesia,Paradip,Handysize,Coal,37000,38000,22.67,497.29,98.28,Autumn,0.9307,3000,10.42,1.88,2.68,82.6,26946,3.79,14.5,290,45,184,2.83,-11.06,Decreasing
2021-09-01,2021,9,Indonesia,Paradip,Supramax,Coal,54500,58000,20.57,497.29,98.28,Autumn,0.9307,3000,10.42,1.88,2.68,82.6,26946,3.79,14.5,290,45,185,3.13,-5.94,Decreasing
2021-09-01,2021,9,Indonesia,Paradip,Panamax,Coal,71000,72000,18.67,497.29,98.28,Autumn,0.9307,3000,10.42,1.88,2.68,82.6,26946,3.79,14.5,290,45,140,3.26,-3.06,Decreasing
2021-09-01,2021,9,Indonesia,Paradip,Capesize,Coal,156000,160000,13.81,497.29,98.28,Autumn,0.9307,3000,9.62,1.88,2.68,82.6,26946,3.79,14.5,290,45,207,3.2,-12.54,Decreasing
2021-09-01,2021,9,Brazil,Dhamra,Handysize,Iron Ore,35000,38000,35.11,497.29,98.28,Autumn,0.9307,11000,38.19,1.14,2.15,87.2,28515,3.12,18.0,300,48,44,2.75,-4.9,Decreasing
2021-09-01,2021,9,Brazil,Dhamra,Supramax,Iron Ore,53000,58000,30.17,497.29,98.28,Autumn,0.9307,11000,38.19,1.14,2.15,87.2,28515,3.12,18.0,300,48,0,2.19,-4.68,Decreasing
2021-09-01,2021,9,Brazil,Dhamra,Panamax,Iron Ore,65000,72000,29.0,497.29,98.28,Autumn,0.9307,11000,38.19,1.14,2.15,87.2,28515,3.12,18.0,300,48,240,2.18,-0.51,Stable
2021-09-01,2021,9,Brazil,Dhamra,Capesize,Iron Ore,160000,160000,22.85,497.29,98.28,Autumn,0.9307,11000,35.26,1.14,2.15,87.2,28515,3.12,18.0,300,48,134,1.73,2.93,Increasing
2021-10-01,2021,10,Newcastle,Paradip,Handysize,Coal,36000,38000,27.16,499.86,95.83,Autumn,0.92,4200,14.58,2.36,3.56,78.5,27581,3.73,14.5,290,45,182,4.01,1.42,Stable
2021-10-01,2021,10,Newcastle,Paradip,Supramax,Coal,54500,58000,22.34,499.86,95.83,Autumn,0.92,4200,14.58,2.36,3.56,78.5,27581,3.73,14.5,290,45,137,3.56,-7.19,Decreasing
2021-10-01,2021,10,Newcastle,Paradip,Panamax,Coal,67500,72000,19.87,499.86,95.83,Autumn,0.92,4200,14.58,2.36,3.56,78.5,27581,3.73,14.5,290,45,71,4.03,-10.13,Decreasing
2021-10-01,2021,10,Newcastle,Paradip,Capesize,Coal,157000,160000,17.16,499.86,95.83,Autumn,0.92,4200,13.46,2.36,3.56,78.5,27581,3.73,14.5,290,45,34,3.74,0.41,Stable
2021-10-01,2021,10,Newcastle,Dhamra,Handysize,Coal,35000,38000,26.25,499.86,95.83,Autumn,0.92,4250,14.76,2.32,2.33,78.8,26541,2.93,18.0,300,48,111,2.82,-8.09,Decreasing
2021-10-01,2021,10,Newcastle,Dhamra,Supramax,Coal,51500,58000,23.79,499.86,95.83,Autumn,0.92,4250,14.76,2.32,2.33,78.8,26541,2.93,18.0,300,48,158,2.88,3.93,Increasing
2021-10-01,2021,10,Newcastle,Dhamra,Panamax,Coal,68000,72000,22.11,499.86,95.83,Autumn,0.92,4250,14.76,2.32,2.33,78.8,26541,2.93,18.0,300,48,170,2.64,3.17,Increasing
2021-10-01,2021,10,Newcastle,Dhamra,Capesize,Coal,151000,160000,17.23,499.86,95.83,Autumn,0.92,4250,13.62,2.32,2.33,78.8,26541,2.93,18.0,300,48,163,2.75,-3.74,Decreasing
2021-10-01,2021,10,Gladstone,Paradip,Handysize,Coal,34000,38000,27.58,499.86,95.83,Autumn,0.92,4800,16.67,1.41,1.67,89.1,27433,2.34,14.5,290,45,231,1.85,-9.54,Decreasing
2021-10-01,2021,10,Gladstone,Paradip,Supramax,Coal,56500,58000,23.64,499.86,95.83,Autumn,0.92,4800,16.67,1.41,1.67,89.1,27433,2.34,14.5,290,45,182,1.72,-5.78,Decreasing
2021-10-01,2021,10,Gladstone,Paradip,Panamax,Coal,72000,72000,20.77,499.86,95.83,Autumn,0.92,4800,16.67,1.41,1.67,89.1,27433,2.34,14.5,290,45,184,2.08,-7.15,Decreasing
2021-10-01,2021,10,Gladstone,Paradip,Capesize,Coal,152500,160000,17.05,499.86,95.83,Autumn,0.92,4800,15.38,1.41,1.67,89.1,27433,2.34,14.5,290,45,149,1.94,-4.32,Decreasing
2021-10-01,2021,10,Richards Bay,Paradip,Handysize,Coal,35000,38000,32.96,499.86,95.83,Autumn,0.92,6900,23.96,1.72,2.5,80.9,26978,4.14,14.5,290,45,95,3.22,0.92,Stable
2021-10-01,2021,10,Richards Bay,Paradip,Supramax,Coal,57500,58000,26.27,499.86,95.83,Autumn,0.92,6900,23.96,1.72,2.5,80.9,26978,4.14,14.5,290,45,205,3.22,-2.6,Decreasing
2021-10-01,2021,10,Richards Bay,Paradip,Panamax,Coal,67000,72000,23.82,499.86,95.83,Autumn,0.92,6900,23.96,1.72,2.5,80.9,26978,4.14,14.5,290,45,113,2.55,-6.0,Decreasing
2021-10-01,2021,10,Richards Bay,Paradip,Capesize,Coal,147500,160000,18.17,499.86,95.83,Autumn,0.92,6900,22.12,1.72,2.5,80.9,26978,4.14,14.5,290,45,162,2.62,-15.68,Decreasing
2021-10-01,2021,10,Indonesia,Paradip,Handysize,Coal,35500,38000,23.67,499.86,95.83,Autumn,0.92,3000,10.42,1.93,1.79,82.7,26290,3.2,14.5,290,45,63,2.56,4.41,Increasing
2021-10-01,2021,10,Indonesia,Paradip,Supramax,Coal,55000,58000,19.06,499.86,95.83,Autumn,0.92,3000,10.42,1.93,1.79,82.7,26290,3.2,14.5,290,45,155,2.28,-7.34,Decreasing
2021-10-01,2021,10,Indonesia,Paradip,Panamax,Coal,68000,72000,18.01,499.86,95.83,Autumn,0.92,3000,10.42,1.93,1.79,82.7,26290,3.2,14.5,290,45,86,2.18,-3.54,Decreasing
2021-10-01,2021,10,Indonesia,Paradip,Capesize,Coal,143500,160000,13.97,499.86,95.83,Autumn,0.92,3000,9.62,1.93,1.79,82.7,26290,3.2,14.5,290,45,87,1.96,1.16,Stable
2021-10-01,2021,10,Brazil,Dhamra,Handysize,Iron Ore,36500,38000,35.71,499.86,95.83,Autumn,0.92,11000,38.19,2.48,3.19,73.4,26803,3.34,18.0,300,48,345,3.73,1.71,Stable
2021-10-01,2021,10,Brazil,Dhamra,Supramax,Iron Ore,55000,58000,30.4,499.86,95.83,Autumn,0.92,11000,38.19,2.48,3.19,73.4,26803,3.34,18.0,300,48,170,3.6,0.76,Stable
2021-10-01,2021,10,Brazil,Dhamra,Panamax,Iron Ore,69000,72000,28.25,499.86,95.83,Autumn,0.92,11000,38.19,2.48,3.19,73.4,26803,3.34,18.0,300,48,97,3.3,-2.59,Decreasing
2021-10-01,2021,10,Brazil,Dhamra,Capesize,Iron Ore,144500,160000,22.32,499.86,95.83,Autumn,0.92,11000,35.26,2.48,3.19,73.4,26803,3.34,18.0,300,48,71,3.1,-2.32,Decreasing
2021-11-01,2021,11,Newcastle,Paradip,Handysize,Coal,35500,38000,27.51,469.66,112.48,Autumn,0.9307,4200,14.58,2.76,3.08,76.2,26483,2.55,14.5,290,45,106,3.82,1.29,Stable
2021-11-01,2021,11,Newcastle,Paradip,Supramax,Coal,54000,58000,23.0,469.66,112.48,Autumn,0.9307,4200,14.58,2.76,3.08,76.2,26483,2.55,14.5,290,45,202,3.35,2.95,Increasing
2021-11-01,2021,11,Newcastle,Paradip,Panamax,Coal,67500,72000,21.24,469.66,112.48,Autumn,0.9307,4200,14.58,2.76,3.08,76.2,26483,2.55,14.5,290,45,246,3.69,6.89,Increasing
2021-11-01,2021,11,Newcastle,Paradip,Capesize,Coal,150500,160000,17.7,469.66,112.48,Autumn,0.9307,4200,13.46,2.76,3.08,76.2,26483,2.55,14.5,290,45,271,3.71,3.15,Increasing
2021-11-01,2021,11,Newcastle,Dhamra,Handysize,Coal,34500,38000,27.86,469.66,112.48,Autumn,0.9307,4250,14.76,2.31,2.2,76.8,26807,2.07,18.0,300,48,202,2.6,6.13,Increasing
2021-11-01,2021,11,Newcastle,Dhamra,Supramax,Coal,55500,58000,24.05,469.66,112.48,Autumn,0.9307,4250,14.76,2.31,2.2,76.8,26807,2.07,18.0,300,48,1,2.38,1.09,Stable
2021-11-01,2021,11,Newcastle,Dhamra,Panamax,Coal,67500,72000,20.71,469.66,112.48,Autumn,0.9307,4250,14.76,2.31,2.2,76.8,26807,2.07,18.0,300,48,207,3.0,-6.33,Decreasing
2021-11-01,2021,11,Newcastle,Dhamra,Capesize,Coal,156500,160000,17.17,469.66,112.48,Autumn,0.9307,4250,13.62,2.31,2.2,76.8,26807,2.07,18.0,300,48,279,2.65,-0.35,Stable
2021-11-01,2021,11,Gladstone,Paradip,Handysize,Coal,35000,38000,29.1,469.66,112.48,Autumn,0.9307,4800,16.67,2.11,2.28,78.1,27582,2.45,14.5,290,45,194,2.96,5.51,Increasing
2021-11-01,2021,11,Gladstone,Paradip,Supramax,Coal,56000,58000,23.98,469.66,112.48,Autumn,0.9307,4800,16.67,2.11,2.28,78.1,27582,2.45,14.5,290,45,0,2.9,1.44,Stable
2021-11-01,2021,11,Gladstone,Paradip,Panamax,Coal,64500,72000,22.42,469.66,112.48,Autumn,0.9307,4800,16.67,2.11,2.28,78.1,27582,2.45,14.5,290,45,66,2.21,7.94,Increasing
2021-11-01,2021,11,Gladstone,Paradip,Capesize,Coal,153000,160000,18.66,469.66,112.48,Autumn,0.9307,4800,15.38,2.11,2.28,78.1,27582,2.45,14.5,290,45,113,2.02,9.44,Increasing
2021-11-01,2021,11,Richards Bay,Paradip,Handysize,Coal,35500,38000,31.68,469.66,112.48,Autumn,0.9307,6900,23.96,2.0,2.54,80.5,27590,1.86,14.5,290,45,82,3.2,-3.88,Decreasing
2021-11-01,2021,11,Richards Bay,Paradip,Supramax,Coal,54000,58000,27.19,469.66,112.48,Autumn,0.9307,6900,23.96,2.0,2.54,80.5,27590,1.86,14.5,290,45,85,2.79,3.5,Increasing
2021-11-01,2021,11,Richards Bay,Paradip,Panamax,Coal,66000,72000,24.35,469.66,112.48,Autumn,0.9307,6900,23.96,2.0,2.54,80.5,27590,1.86,14.5,290,45,296,2.55,2.23,Increasing
2021-11-01,2021,11,Richards Bay,Paradip,Capesize,Coal,142500,160000,20.66,469.66,112.48,Autumn,0.9307,6900,22.12,2.0,2.54,80.5,27590,1.86,14.5,290,45,143,2.73,13.7,Increasing
2021-11-01,2021,11,Indonesia,Paradip,Handysize,Coal,38000,38000,23.32,469.66,112.48,Autumn,0.9307,3000,10.42,2.87,2.93,74.7,26212,3.51,14.5,290,45,219,3.52,-1.48,Stable
2021-11-01,2021,11,Indonesia,Paradip,Supramax,Coal,57000,58000,21.77,469.66,112.48,Autumn,0.9307,3000,10.42,2.87,2.93,74.7,26212,3.51,14.5,290,45,162,3.26,14.22,Increasing
2021-11-01,2021,11,Indonesia,Paradip,Panamax,Coal,68500,72000,18.1,469.66,112.48,Autumn,0.9307,3000,10.42,2.87,2.93,74.7,26212,3.51,14.5,290,45,321,3.48,0.5,Stable
2021-11-01,2021,11,Indonesia,Paradip,Capesize,Coal,148500,160000,15.16,469.66,112.48,Autumn,0.9307,3000,9.62,2.87,2.93,74.7,26212,3.51,14.5,290,45,52,3.2,8.52,Increasing
2021-11-01,2021,11,Brazil,Dhamra,Handysize,Iron Ore,36000,38000,37.16,469.66,112.48,Autumn,0.9307,11000,38.19,2.96,2.99,73.7,27278,2.08,18.0,300,48,99,3.16,4.06,Increasing
2021-11-01,2021,11,Brazil,Dhamra,Supramax,Iron Ore,57000,58000,31.16,469.66,112.48,Autumn,0.9307,11000,38.19,2.96,2.99,73.7,27278,2.08,18.0,300,48,139,3.85,2.5,Increasing
2021-11-01,2021,11,Brazil,Dhamra,Panamax,Iron Ore,69000,72000,28.61,469.66,112.48,Autumn,0.9307,11000,38.19,2.96,2.99,73.7,27278,2.08,18.0,300,48,333,3.36,1.27,Stable
2021-11-01,2021,11,Brazil,Dhamra,Capesize,Iron Ore,155500,160000,22.68,469.66,112.48,Autumn,0.9307,11000,35.26,2.96,2.99,73.7,27278,2.08,18.0,300,48,181,3.9,1.61,Stable
2021-12-01,2021,12,Newcastle,Paradip,Handysize,Coal,33500,38000,27.73,478.46,111.61,Winter,0.96,4200,14.58,2.47,2.5,71.4,28481,1.48,14.5,290,45,137,3.02,0.8,Stable
2021-12-01,2021,12,Newcastle,Paradip,Supramax,Coal,56000,58000,24.72,478.46,111.61,Winter,0.96,4200,14.58,2.47,2.5,71.4,28481,1.48,14.5,290,45,113,2.9,7.48,Increasing
2021-12-01,2021,12,Newcastle,Paradip,Panamax,Coal,68500,72000,21.49,478.46,111.61,Winter,0.96,4200,14.58,2.47,2.5,71.4,28481,1.48,14.5,290,45,288,3.07,1.18,Stable
2021-12-01,2021,12,Newcastle,Paradip,Capesize,Coal,154000,160000,17.87,478.46,111.61,Winter,0.96,4200,13.46,2.47,2.5,71.4,28481,1.48,14.5,290,45,253,2.99,0.96,Stable
2021-12-01,2021,12,Newcastle,Dhamra,Handysize,Coal,36500,38000,28.55,478.46,111.61,Winter,0.96,4250,14.76,1.95,2.5,79.1,28067,1.67,18.0,300,48,184,3.28,2.48,Increasing
2021-12-01,2021,12,Newcastle,Dhamra,Supramax,Coal,55000,58000,26.54,478.46,111.61,Winter,0.96,4250,14.76,1.95,2.5,79.1,28067,1.67,18.0,300,48,205,2.41,10.35,Increasing
2021-12-01,2021,12,Newcastle,Dhamra,Panamax,Coal,69500,72000,22.41,478.46,111.61,Winter,0.96,4250,14.76,1.95,2.5,79.1,28067,1.67,18.0,300,48,263,3.02,8.21,Increasing
2021-12-01,2021,12,Newcastle,Dhamra,Capesize,Coal,149500,160000,16.77,478.46,111.61,Winter,0.96,4250,13.62,1.95,2.5,79.1,28067,1.67,18.0,300,48,143,2.64,-2.33,Decreasing
2021-12-01,2021,12,Gladstone,Paradip,Handysize,Coal,35500,38000,31.06,478.46,111.61,Winter,0.96,4800,16.67,2.35,2.9,78.2,26347,2.83,14.5,290,45,111,3.29,6.74,Increasing
2021-12-01,2021,12,Gladstone,Paradip,Supramax,Coal,54500,58000,25.44,478.46,111.61,Winter,0.96,4800,16.67,2.35,2.9,78.2,26347,2.83,14.5,290,45,211,3.29,6.09,Increasing
2021-12-01,2021,12,Gladstone,Paradip,Panamax,Coal,68500,72000,22.78,478.46,111.61,Winter,0.96,4800,16.67,2.35,2.9,78.2,26347,2.83,14.5,290,45,125,3.5,1.61,Stable
2021-12-01,2021,12,Gladstone,Paradip,Capesize,Coal,148500,160000,20.09,478.46,111.61,Winter,0.96,4800,15.38,2.35,2.9,78.2,26347,2.83,14.5,290,45,128,3.38,7.66,Increasing
2021-12-01,2021,12,Richards Bay,Paradip,Handysize,Coal,34000,38000,34.88,478.46,111.61,Winter,0.96,6900,23.96,3.18,2.91,66.8,27069,1.12,14.5,290,45,114,3.52,10.1,Increasing
2021-12-01,2021,12,Richards Bay,Paradip,Supramax,Coal,57000,58000,29.95,478.46,111.61,Winter,0.96,6900,23.96,3.18,2.91,66.8,27069,1.12,14.5,290,45,324,3.78,10.15,Increasing
2021-12-01,2021,12,Richards Bay,Paradip,Panamax,Coal,70000,72000,26.07,478.46,111.61,Winter,0.96,6900,23.96,3.18,2.91,66.8,27069,1.12,14.5,290,45,222,3.34,7.06,Increasing
2021-12-01,2021,12,Richards Bay,Paradip,Capesize,Coal,146500,160000,20.54,478.46,111.61,Winter,0.96,6900,22.12,3.18,2.91,66.8,27069,1.12,14.5,290,45,146,3.36,-0.58,Stable
2021-12-01,2021,12,Indonesia,Paradip,Handysize,Coal,34500,38000,23.89,478.46,111.61,Winter,0.96,3000,10.42,3.05,3.63,75.3,25542,2.04,14.5,290,45,10,4.15,2.44,Increasing
2021-12-01,2021,12,Indonesia,Paradip,Supramax,Coal,54500,58000,22.27,478.46,111.61,Winter,0.96,3000,10.42,3.05,3.63,75.3,25542,2.04,14.5,290,45,210,3.92,2.3,Increasing
2021-12-01,2021,12,Indonesia,Paradip,Panamax,Coal,71500,72000,19.99,478.46,111.61,Winter,0.96,3000,10.42,3.05,3.63,75.3,25542,2.04,14.5,290,45,206,4.12,10.44,Increasing
2021-12-01,2021,12,Indonesia,Paradip,Capesize,Coal,146000,160000,15.1,478.46,111.61,Winter,0.96,3000,9.62,3.05,3.63,75.3,25542,2.04,14.5,290,45,247,4.65,-0.4,Stable
2021-12-01,2021,12,Brazil,Dhamra,Handysize,Iron Ore,35500,38000,37.59,478.46,111.61,Winter,0.96,11000,38.19,3.51,3.52,68.2,24544,1.44,18.0,300,48,212,3.75,1.16,Stable
2021-12-01,2021,12,Brazil,Dhamra,Supramax,Iron Ore,55500,58000,32.13,478.46,111.61,Winter,0.96,11000,38.19,3.51,3.52,68.2,24544,1.44,18.0,300,48,156,3.43,3.11,Increasing
2021-12-01,2021,12,Brazil,Dhamra,Panamax,Iron Ore,67500,72000,30.63,478.46,111.61,Winter,0.96,11000,38.19,3.51,3.52,68.2,24544,1.44,18.0,300,48,382,4.03,7.06,Increasing
2021-12-01,2021,12,Brazil,Dhamra,Capesize,Iron Ore,149500,160000,23.83,478.46,111.61,Winter,0.96,11000,35.26,3.51,3.52,68.2,24544,1.44,18.0,300,48,170,4.22,5.07,Increasing
2022-01-01,2022,1,Newcastle,Paradip,Handysize,Coal,36000,38000,28.89,519.69,119.54,Winter,1.0,4200,14.58,2.69,2.68,73.9,27032,0.99,14.5,290,45,279,3.09,4.18,Increasing
2022-01-01,2022,1,Newcastle,Paradip,Supramax,Coal,54500,58000,24.92,519.69,119.54,Winter,1.0,4200,14.58,2.69,2.68,73.9,27032,0.99,14.5,290,45,0,3.38,0.81,Stable
2022-01-01,2022,1,Newcastle,Paradip,Panamax,Coal,69500,72000,22.76,519.69,119.54,Winter,1.0,4200,14.58,2.69,2.68,73.9,27032,0.99,14.5,290,45,165,3.29,5.91,Increasing
2022-01-01,2022,1,Newcastle,Paradip,Capesize,Coal,143000,160000,18.06,519.69,119.54,Winter,1.0,4200,13.46,2.69,2.68,73.9,27032,0.99,14.5,290,45,223,2.85,1.06,Stable
2022-01-01,2022,1,Newcastle,Dhamra,Handysize,Coal,36500,38000,29.97,519.69,119.54,Winter,1.0,4250,14.76,2.96,2.74,72.2,25316,1.63,18.0,300,48,95,3.33,4.97,Increasing
2022-01-01,2022,1,Newcastle,Dhamra,Supramax,Coal,56500,58000,25.62,519.69,119.54,Winter,1.0,4250,14.76,2.96,2.74,72.2,25316,1.63,18.0,300,48,164,3.38,-3.47,Decreasing
2022-01-01,2022,1,Newcastle,Dhamra,Panamax,Coal,69000,72000,23.93,519.69,119.54,Winter,1.0,4250,14.76,2.96,2.74,72.2,25316,1.63,18.0,300,48,130,3.07,6.78,Increasing
2022-01-01,2022,1,Newcastle,Dhamra,Capesize,Coal,151000,160000,18.35,519.69,119.54,Winter,1.0,4250,13.62,2.96,2.74,72.2,25316,1.63,18.0,300,48,0,3.38,9.42,Increasing
2022-01-01,2022,1,Gladstone,Paradip,Handysize,Coal,35000,38000,31.41,519.69,119.54,Winter,1.0,4800,16.67,3.3,2.68,71.2,27484,0.9,14.5,290,45,235,3.61,1.13,Stable
2022-01-01,2022,1,Gladstone,Paradip,Supramax,Coal,53500,58000,27.02,519.69,119.54,Winter,1.0,4800,16.67,3.3,2.68,71.2,27484,0.9,14.5,290,45,211,3.03,6.21,Increasing
2022-01-01,2022,1,Gladstone,Paradip,Panamax,Coal,68000,72000,26.13,519.69,119.54,Winter,1.0,4800,16.67,3.3,2.68,71.2,27484,0.9,14.5,290,45,275,3.21,14.71,Increasing
2022-01-01,2022,1,Gladstone,Paradip,Capesize,Coal,149000,160000,18.87,519.69,119.54,Winter,1.0,4800,15.38,3.3,2.68,71.2,27484,0.9,14.5,290,45,320,3.25,-6.07,Decreasing
2022-01-01,2022,1,Richards Bay,Paradip,Handysize,Coal,36500,38000,34.69,519.69,119.54,Winter,1.0,6900,23.96,2.7,4.11,72.5,26461,1.55,14.5,290,45,44,4.83,-0.54,Stable
2022-01-01,2022,1,Richards Bay,Paradip,Supramax,Coal,53500,58000,31.28,519.69,119.54,Winter,1.0,6900,23.96,2.7,4.11,72.5,26461,1.55,14.5,290,45,246,4.49,4.44,Increasing
2022-01-01,2022,1,Richards Bay,Paradip,Panamax,Coal,70500,72000,26.97,519.69,119.54,Winter,1.0,6900,23.96,2.7,4.11,72.5,26461,1.55,14.5,290,45,228,4.72,3.45,Increasing
2022-01-01,2022,1,Richards Bay,Paradip,Capesize,Coal,146500,160000,21.11,519.69,119.54,Winter,1.0,6900,22.12,2.7,4.11,72.5,26461,1.55,14.5,290,45,242,4.52,2.78,Increasing
2022-01-01,2022,1,Indonesia,Paradip,Handysize,Coal,35000,38000,26.67,519.69,119.54,Winter,1.0,3000,10.42,2.58,2.56,80.5,26159,1.61,14.5,290,45,153,3.13,11.64,Increasing
2022-01-01,2022,1,Indonesia,Paradip,Supramax,Coal,52500,58000,22.48,519.69,119.54,Winter,1.0,3000,10.42,2.58,2.56,80.5,26159,1.61,14.5,290,45,145,3.27,0.94,Stable
2022-01-01,2022,1,Indonesia,Paradip,Panamax,Coal,70000,72000,21.94,519.69,119.54,Winter,1.0,3000,10.42,2.58,2.56,80.5,26159,1.61,14.5,290,45,206,3.1,9.75,Increasing
2022-01-01,2022,1,Indonesia,Paradip,Capesize,Coal,151500,160000,15.85,519.69,119.54,Winter,1.0,3000,9.62,2.58,2.56,80.5,26159,1.61,14.5,290,45,187,2.95,4.97,Increasing
2022-01-01,2022,1,Brazil,Dhamra,Handysize,Iron Ore,35000,38000,37.77,519.69,119.54,Winter,1.0,11000,38.19,2.89,3.62,75.7,27451,0.9,18.0,300,48,111,4.46,0.48,Stable
2022-01-01,2022,1,Brazil,Dhamra,Supramax,Iron Ore,54500,58000,33.2,519.69,119.54,Winter,1.0,11000,38.19,2.89,3.62,75.7,27451,0.9,18.0,300,48,119,4.35,3.33,Increasing
2022-01-01,2022,1,Brazil,Dhamra,Panamax,Iron Ore,69000,72000,30.39,519.69,119.54,Winter,1.0,11000,38.19,2.89,3.62,75.7,27451,0.9,18.0,300,48,130,4.04,-0.78,Stable
2022-01-01,2022,1,Brazil,Dhamra,Capesize,Iron Ore,148500,160000,25.69,519.69,119.54,Winter,1.0,11000,35.26,2.89,3.62,75.7,27451,0.9,18.0,300,48,134,4.44,7.81,Increasing
2022-02-01,2022,2,Newcastle,Paradip,Handysize,Coal,36500,38000,30.45,556.26,120.19,Winter,1.04,4200,14.58,2.89,3.15,73.7,25709,0.51,14.5,290,45,176,3.74,5.4,Increasing
2022-02-01,2022,2,Newcastle,Paradip,Supramax,Coal,54000,58000,27.04,556.26,120.19,Winter,1.04,4200,14.58,2.89,3.15,73.7,25709,0.51,14.5,290,45,122,3.88,8.51,Increasing
2022-02-01,2022,2,Newcastle,Paradip,Panamax,Coal,65000,72000,24.07,556.26,120.19,Winter,1.04,4200,14.58,2.89,3.15,73.7,25709,0.51,14.5,290,45,315,3.42,5.76,Increasing
2022-02-01,2022,2,Newcastle,Paradip,Capesize,Coal,147000,160000,19.64,556.26,120.19,Winter,1.04,4200,13.46,2.89,3.15,73.7,25709,0.51,14.5,290,45,174,3.75,8.75,Increasing
2022-02-01,2022,2,Newcastle,Dhamra,Handysize,Coal,36000,38000,33.23,556.26,120.19,Winter,1.04,4250,14.76,2.94,3.42,73.5,26309,1.52,18.0,300,48,149,3.7,10.88,Increasing
2022-02-01,2022,2,Newcastle,Dhamra,Supramax,Coal,56500,58000,27.4,556.26,120.19,Winter,1.04,4250,14.76,2.94,3.42,73.5,26309,1.52,18.0,300,48,0,4.16,6.95,Increasing
2022-02-01,2022,2,Newcastle,Dhamra,Panamax,Coal,66500,72000,24.72,556.26,120.19,Winter,1.04,4250,14.76,2.94,3.42,73.5,26309,1.52,18.0,300,48,186,3.99,3.3,Increasing
2022-02-01,2022,2,Newcastle,Dhamra,Capesize,Coal,154000,160000,19.6,556.26,120.19,Winter,1.04,4250,13.62,2.94,3.42,73.5,26309,1.52,18.0,300,48,201,3.88,6.81,Increasing
2022-02-01,2022,2,Gladstone,Paradip,Handysize,Coal,36000,38000,33.47,556.26,120.19,Winter,1.04,4800,16.67,3.07,3.53,74.1,25938,0.5,14.5,290,45,307,4.02,6.56,Increasing
2022-02-01,2022,2,Gladstone,Paradip,Supramax,Coal,54000,58000,28.65,556.26,120.19,Winter,1.04,4800,16.67,3.07,3.53,74.1,25938,0.5,14.5,290,45,135,4.28,6.03,Increasing
2022-02-01,2022,2,Gladstone,Paradip,Panamax,Coal,64000,72000,25.05,556.26,120.19,Winter,1.04,4800,16.67,3.07,3.53,74.1,25938,0.5,14.5,290,45,74,4.32,-4.13,Decreasing
2022-02-01,2022,2,Gladstone,Paradip,Capesize,Coal,158500,160000,20.66,556.26,120.19,Winter,1.04,4800,15.38,3.07,3.53,74.1,25938,0.5,14.5,290,45,146,4.1,9.49,Increasing
2022-02-01,2022,2,Richards Bay,Paradip,Handysize,Coal,35000,38000,37.01,556.26,120.19,Winter,1.04,6900,23.96,3.31,3.18,72.0,26385,1.08,14.5,290,45,33,3.95,6.69,Increasing
2022-02-01,2022,2,Richards Bay,Paradip,Supramax,Coal,53500,58000,29.95,556.26,120.19,Winter,1.04,6900,23.96,3.31,3.18,72.0,26385,1.08,14.5,290,45,290,4.12,-4.25,Decreasing
2022-02-01,2022,2,Richards Bay,Paradip,Panamax,Coal,67500,72000,28.94,556.26,120.19,Winter,1.04,6900,23.96,3.31,3.18,72.0,26385,1.08,14.5,290,45,378,4.11,7.3,Increasing
2022-02-01,2022,2,Richards Bay,Paradip,Capesize,Coal,158500,160000,23.22,556.26,120.19,Winter,1.04,6900,22.12,3.31,3.18,72.0,26385,1.08,14.5,290,45,256,3.38,10.0,Increasing
2022-02-01,2022,2,Indonesia,Paradip,Handysize,Coal,35500,38000,26.8,556.26,120.19,Winter,1.04,3000,10.42,2.53,2.56,75.3,27049,2.05,14.5,290,45,295,2.86,0.49,Stable
2022-02-01,2022,2,Indonesia,Paradip,Supramax,Coal,55000,58000,22.6,556.26,120.19,Winter,1.04,3000,10.42,2.53,2.56,75.3,27049,2.05,14.5,290,45,54,2.86,0.53,Stable
2022-02-01,2022,2,Indonesia,Paradip,Panamax,Coal,67500,72000,20.57,556.26,120.19,Winter,1.04,3000,10.42,2.53,2.56,75.3,27049,2.05,14.5,290,45,104,2.66,-6.24,Decreasing
2022-02-01,2022,2,Indonesia,Paradip,Capesize,Coal,150000,160000,15.7,556.26,120.19,Winter,1.04,3000,9.62,2.53,2.56,75.3,27049,2.05,14.5,290,45,220,3.03,-0.95,Stable
2022-02-01,2022,2,Brazil,Dhamra,Handysize,Iron Ore,32500,38000,40.69,556.26,120.19,Winter,1.04,11000,38.19,1.86,2.18,81.9,28701,0.58,18.0,300,48,147,2.68,7.73,Increasing
2022-02-01,2022,2,Brazil,Dhamra,Supramax,Iron Ore,55000,58000,34.39,556.26,120.19,Winter,1.04,11000,38.19,1.86,2.18,81.9,28701,0.58,18.0,300,48,134,2.31,3.58,Increasing
2022-02-01,2022,2,Brazil,Dhamra,Panamax,Iron Ore,70000,72000,31.44,556.26,120.19,Winter,1.04,11000,38.19,1.86,2.18,81.9,28701,0.58,18.0,300,48,312,2.5,3.46,Increasing
2022-02-01,2022,2,Brazil,Dhamra,Capesize,Iron Ore,149000,160000,23.93,556.26,120.19,Winter,1.04,11000,35.26,1.86,2.18,81.9,28701,0.58,18.0,300,48,15,2.12,-6.85,Decreasing
2022-03-01,2022,3,Newcastle,Paradip,Handysize,Coal,34500,38000,30.89,568.71,117.39,Spring,1.0693,4200,14.58,2.79,2.9,77.7,27277,0.87,14.5,290,45,0,3.23,1.44,Stable
2022-03-01,2022,3,Newcastle,Paradip,Supramax,Coal,54000,58000,26.49,568.71,117.39,Spring,1.0693,4200,14.58,2.79,2.9,77.7,27277,0.87,14.5,290,45,149,3.43,-2.03,Decreasing
2022-03-01,2022,3,Newcastle,Paradip,Panamax,Coal,67000,72000,24.05,568.71,117.39,Spring,1.0693,4200,14.58,2.79,2.9,77.7,27277,0.87,14.5,290,45,173,3.52,-0.08,Stable
2022-03-01,2022,3,Newcastle,Paradip,Capesize,Coal,145000,160000,20.73,568.71,117.39,Spring,1.0693,4200,13.46,2.79,2.9,77.7,27277,0.87,14.5,290,45,152,3.41,5.55,Increasing
2022-03-01,2022,3,Newcastle,Dhamra,Handysize,Coal,35500,38000,31.6,568.71,117.39,Spring,1.0693,4250,14.76,2.69,3.07,75.2,26344,1.28,18.0,300,48,168,3.54,-4.91,Decreasing
2022-03-01,2022,3,Newcastle,Dhamra,Supramax,Coal,54000,58000,27.92,568.71,117.39,Spring,1.0693,4250,14.76,2.69,3.07,75.2,26344,1.28,18.0,300,48,9,3.41,1.9,Stable
2022-03-01,2022,3,Newcastle,Dhamra,Panamax,Coal,68000,72000,25.35,568.71,117.39,Spring,1.0693,4250,14.76,2.69,3.07,75.2,26344,1.28,18.0,300,48,77,3.87,2.55,Increasing
2022-03-01,2022,3,Newcastle,Dhamra,Capesize,Coal,146000,160000,20.96,568.71,117.39,Spring,1.0693,4250,13.62,2.69,3.07,75.2,26344,1.28,18.0,300,48,194,3.39,6.94,Increasing
2022-03-01,2022,3,Gladstone,Paradip,Handysize,Coal,37000,38000,33.99,568.71,117.39,Spring,1.0693,4800,16.67,3.28,3.07,72.3,25599,1.26,14.5,290,45,273,3.72,1.55,Stable
2022-03-01,2022,3,Gladstone,Paradip,Supramax,Coal,54500,58000,30.13,568.71,117.39,Spring,1.0693,4800,16.67,3.28,3.07,72.3,25599,1.26,14.5,290,45,313,3.22,5.17,Increasing
2022-03-01,2022,3,Gladstone,Paradip,Panamax,Coal,70500,72000,25.36,568.71,117.39,Spring,1.0693,4800,16.67,3.28,3.07,72.3,25599,1.26,14.5,290,45,332,3.94,1.24,Stable
2022-03-01,2022,3,Gladstone,Paradip,Capesize,Coal,145000,160000,21.05,568.71,117.39,Spring,1.0693,4800,15.38,3.28,3.07,72.3,25599,1.26,14.5,290,45,161,3.6,1.89,Stable
2022-03-01,2022,3,Richards Bay,Paradip,Handysize,Coal,34500,38000,35.5,568.71,117.39,Spring,1.0693,6900,23.96,2.13,2.78,82.4,27050,1.46,14.5,290,45,95,3.41,-4.08,Decreasing
2022-03-01,2022,3,Richards Bay,Paradip,Supramax,Coal,57500,58000,30.75,568.71,117.39,Spring,1.0693,6900,23.96,2.13,2.78,82.4,27050,1.46,14.5,290,45,112,3.16,2.67,Increasing
2022-03-01,2022,3,Richards Bay,Paradip,Panamax,Coal,68500,72000,27.88,568.71,117.39,Spring,1.0693,6900,23.96,2.13,2.78,82.4,27050,1.46,14.5,290,45,193,3.05,-3.66,Decreasing
2022-03-01,2022,3,Richards Bay,Paradip,Capesize,Coal,150500,160000,23.17,568.71,117.39,Spring,1.0693,6900,22.12,2.13,2.78,82.4,27050,1.46,14.5,290,45,160,3.06,-0.22,Stable
2022-03-01,2022,3,Indonesia,Paradip,Handysize,Coal,35500,38000,26.9,568.71,117.39,Spring,1.0693,3000,10.42,2.24,2.57,77.4,28431,0.61,14.5,290,45,215,2.89,0.37,Stable
2022-03-01,2022,3,Indonesia,Paradip,Supramax,Coal,56500,58000,23.68,568.71,117.39,Spring,1.0693,3000,10.42,2.24,2.57,77.4,28431,0.61,14.5,290,45,151,3.09,4.78,Increasing
2022-03-01,2022,3,Indonesia,Paradip,Panamax,Coal,64500,72000,20.23,568.71,117.39,Spring,1.0693,3000,10.42,2.24,2.57,77.4,28431,0.61,14.5,290,45,64,3.01,-1.65,Stable
2022-03-01,2022,3,Indonesia,Paradip,Capesize,Coal,158500,160000,18.56,568.71,117.39,Spring,1.0693,3000,9.62,2.24,2.57,77.4,28431,0.61,14.5,290,45,211,3.1,18.22,Increasing
2022-03-01,2022,3,Brazil,Dhamra,Handysize,Iron Ore,34500,38000,39.94,568.71,117.39,Spring,1.0693,11000,38.19,1.31,1.62,84.0,28311,0.5,18.0,300,48,219,1.59,-1.84,Stable
2022-03-01,2022,3,Brazil,Dhamra,Supramax,Iron Ore,55000,58000,37.16,568.71,117.39,Spring,1.0693,11000,38.19,1.31,1.62,84.0,28311,0.5,18.0,300,48,86,1.23,8.05,Increasing
2022-03-01,2022,3,Brazil,Dhamra,Panamax,Iron Ore,67000,72000,32.8,568.71,117.39,Spring,1.0693,11000,38.19,1.31,1.62,84.0,28311,0.5,18.0,300,48,316,1.55,4.33,Increasing
2022-03-01,2022,3,Brazil,Dhamra,Capesize,Iron Ore,154000,160000,25.08,568.71,117.39,Spring,1.0693,11000,35.26,1.31,1.62,84.0,28311,0.5,18.0,300,48,151,2.52,4.81,Increasing
2022-04-01,2022,4,Newcastle,Paradip,Handysize,Coal,34500,38000,32.65,567.6,112.96,Spring,1.08,4200,14.58,2.4,2.77,75.8,27312,1.11,14.5,290,45,130,3.3,5.7,Increasing
2022-04-01,2022,4,Newcastle,Paradip,Supramax,Coal,54500,58000,28.67,567.6,112.96,Spring,1.08,4200,14.58,2.4,2.77,75.8,27312,1.11,14.5,290,45,155,2.76,8.23,Increasing
2022-04-01,2022,4,Newcastle,Paradip,Panamax,Coal,70500,72000,24.42,567.6,112.96,Spring,1.08,4200,14.58,2.4,2.77,75.8,27312,1.11,14.5,290,45,107,3.05,1.54,Stable
2022-04-01,2022,4,Newcastle,Paradip,Capesize,Coal,157000,160000,18.59,567.6,112.96,Spring,1.08,4200,13.46,2.4,2.77,75.8,27312,1.11,14.5,290,45,411,3.47,-10.32,Decreasing
2022-04-01,2022,4,Newcastle,Dhamra,Handysize,Coal,35500,38000,32.98,567.6,112.96,Spring,1.08,4250,14.76,1.92,2.32,81.9,28144,1.1,18.0,300,48,144,2.62,4.37,Increasing
2022-04-01,2022,4,Newcastle,Dhamra,Supramax,Coal,54000,58000,29.27,567.6,112.96,Spring,1.08,4250,14.76,1.92,2.32,81.9,28144,1.1,18.0,300,48,207,1.93,4.84,Increasing
2022-04-01,2022,4,Newcastle,Dhamra,Panamax,Coal,69000,72000,25.76,567.6,112.96,Spring,1.08,4250,14.76,1.92,2.32,81.9,28144,1.1,18.0,300,48,158,2.56,1.62,Stable
2022-04-01,2022,4,Newcastle,Dhamra,Capesize,Coal,156000,160000,21.27,567.6,112.96,Spring,1.08,4250,13.62,1.92,2.32,81.9,28144,1.1,18.0,300,48,98,2.76,1.48,Stable
2022-04-01,2022,4,Gladstone,Paradip,Handysize,Coal,35500,38000,34.66,567.6,112.96,Spring,1.08,4800,16.67,1.27,1.29,88.0,29148,0.65,14.5,290,45,201,1.36,1.97,Stable
2022-04-01,2022,4,Gladstone,Paradip,Supramax,Coal,55500,58000,30.01,567.6,112.96,Spring,1.08,4800,16.67,1.27,1.29,88.0,29148,0.65,14.5,290,45,220,1.82,-0.4,Stable
2022-04-01,2022,4,Gladstone,Paradip,Panamax,Coal,69000,72000,26.73,567.6,112.96,Spring,1.08,4800,16.67,1.27,1.29,88.0,29148,0.65,14.5,290,45,245,1.51,5.4,Increasing
2022-04-01,2022,4,Gladstone,Paradip,Capesize,Coal,146000,160000,21.05,567.6,112.96,Spring,1.08,4800,15.38,1.27,1.29,88.0,29148,0.65,14.5,290,45,100,1.35,0.0,Stable
2022-04-01,2022,4,Richards Bay,Paradip,Handysize,Coal,35000,38000,36.72,567.6,112.96,Spring,1.08,6900,23.96,1.72,1.89,77.5,28085,0.81,14.5,290,45,212,2.43,3.44,Increasing
2022-04-01,2022,4,Richards Bay,Paradip,Supramax,Coal,51500,58000,31.62,567.6,112.96,Spring,1.08,6900,23.96,1.72,1.89,77.5,28085,0.81,14.5,290,45,98,1.96,2.83,Increasing
2022-04-01,2022,4,Richards Bay,Paradip,Panamax,Coal,69500,72000,28.84,567.6,112.96,Spring,1.08,6900,23.96,1.72,1.89,77.5,28085,0.81,14.5,290,45,138,1.69,3.44,Increasing
2022-04-01,2022,4,Richards Bay,Paradip,Capesize,Coal,153500,160000,22.27,567.6,112.96,Spring,1.08,6900,22.12,1.72,1.89,77.5,28085,0.81,14.5,290,45,164,2.26,-3.88,Decreasing
2022-04-01,2022,4,Indonesia,Paradip,Handysize,Coal,36500,38000,28.09,567.6,112.96,Spring,1.08,3000,10.42,2.55,2.41,76.1,28202,0.5,14.5,290,45,120,3.07,4.42,Increasing
2022-04-01,2022,4,Indonesia,Paradip,Supramax,Coal,53000,58000,24.54,567.6,112.96,Spring,1.08,3000,10.42,2.55,2.41,76.1,28202,0.5,14.5,290,45,200,3.13,3.63,Increasing
2022-04-01,2022,4,Indonesia,Paradip,Panamax,Coal,72000,72000,22.13,567.6,112.96,Spring,1.08,3000,10.42,2.55,2.41,76.1,28202,0.5,14.5,290,45,119,2.86,9.39,Increasing
2022-04-01,2022,4,Indonesia,Paradip,Capesize,Coal,142000,160000,17.08,567.6,112.96,Spring,1.08,3000,9.62,2.55,2.41,76.1,28202,0.5,14.5,290,45,127,2.74,-7.97,Decreasing
2022-04-01,2022,4,Brazil,Dhamra,Handysize,Iron Ore,34500,38000,42.74,567.6,112.96,Spring,1.08,11000,38.19,1.88,2.01,80.9,27733,1.52,18.0,300,48,226,2.14,7.01,Increasing
2022-04-01,2022,4,Brazil,Dhamra,Supramax,Iron Ore,53500,58000,36.52,567.6,112.96,Spring,1.08,11000,38.19,1.88,2.01,80.9,27733,1.52,18.0,300,48,52,2.15,-1.72,Stable
2022-04-01,2022,4,Brazil,Dhamra,Panamax,Iron Ore,66500,72000,33.73,567.6,112.96,Spring,1.08,11000,38.19,1.88,2.01,80.9,27733,1.52,18.0,300,48,181,2.4,2.84,Increasing
2022-04-01,2022,4,Brazil,Dhamra,Capesize,Iron Ore,155500,160000,26.37,567.6,112.96,Spring,1.08,11000,35.26,1.88,2.01,80.9,27733,1.52,18.0,300,48,191,2.33,5.14,Increasing
2022-05-01,2022,5,Newcastle,Paradip,Handysize,Coal,35000,38000,31.31,596.18,105.45,Spring,1.0693,4200,14.58,1.23,2.24,88.6,29394,1.86,14.5,290,45,110,2.38,-4.1,Decreasing
2022-05-01,2022,5,Newcastle,Paradip,Supramax,Coal,55500,58000,27.73,596.18,105.45,Spring,1.0693,4200,14.58,1.23,2.24,88.6,29394,1.86,14.5,290,45,148,2.35,-3.28,Decreasing
2022-05-01,2022,5,Newcastle,Paradip,Panamax,Coal,67500,72000,24.56,596.18,105.45,Spring,1.0693,4200,14.58,1.23,2.24,88.6,29394,1.86,14.5,290,45,44,1.89,0.57,Stable
2022-05-01,2022,5,Newcastle,Paradip,Capesize,Coal,148000,160000,18.32,596.18,105.45,Spring,1.0693,4200,13.46,1.23,2.24,88.6,29394,1.86,14.5,290,45,119,2.42,-1.45,Stable
2022-05-01,2022,5,Newcastle,Dhamra,Handysize,Coal,33500,38000,32.73,596.18,105.45,Spring,1.0693,4250,14.76,1.05,2.1,88.3,29175,1.56,18.0,300,48,153,2.46,-0.76,Stable
2022-05-01,2022,5,Newcastle,Dhamra,Supramax,Coal,52500,58000,26.33,596.18,105.45,Spring,1.0693,4250,14.76,1.05,2.1,88.3,29175,1.56,18.0,300,48,225,2.38,-10.04,Decreasing
2022-05-01,2022,5,Newcastle,Dhamra,Panamax,Coal,65500,72000,24.05,596.18,105.45,Spring,1.0693,4250,14.76,1.05,2.1,88.3,29175,1.56,18.0,300,48,250,1.99,-6.64,Decreasing
2022-05-01,2022,5,Newcastle,Dhamra,Capesize,Coal,158500,160000,19.0,596.18,105.45,Spring,1.0693,4250,13.62,1.05,2.1,88.3,29175,1.56,18.0,300,48,211,2.21,-10.67,Decreasing
2022-05-01,2022,5,Gladstone,Paradip,Handysize,Coal,36000,38000,33.26,596.18,105.45,Spring,1.0693,4800,16.67,1.63,1.9,83.0,27340,1.32,14.5,290,45,141,1.94,-4.04,Decreasing
2022-05-01,2022,5,Gladstone,Paradip,Supramax,Coal,50000,58000,28.82,596.18,105.45,Spring,1.0693,4800,16.67,1.63,1.9,83.0,27340,1.32,14.5,290,45,353,2.39,-3.97,Decreasing
2022-05-01,2022,5,Gladstone,Paradip,Panamax,Coal,67500,72000,25.84,596.18,105.45,Spring,1.0693,4800,16.67,1.63,1.9,83.0,27340,1.32,14.5,290,45,161,2.33,-3.33,Decreasing
2022-05-01,2022,5,Gladstone,Paradip,Capesize,Coal,144500,160000,21.61,596.18,105.45,Spring,1.0693,4800,15.38,1.63,1.9,83.0,27340,1.32,14.5,290,45,217,2.37,2.66,Increasing
2022-05-01,2022,5,Richards Bay,Paradip,Handysize,Coal,34000,38000,36.73,596.18,105.45,Spring,1.0693,6900,23.96,1.54,2.02,85.2,27903,1.74,14.5,290,45,283,1.98,0.03,Stable
2022-05-01,2022,5,Richards Bay,Paradip,Supramax,Coal,52000,58000,31.67,596.18,105.45,Spring,1.0693,6900,23.96,1.54,2.02,85.2,27903,1.74,14.5,290,45,164,2.34,0.16,Stable
2022-05-01,2022,5,Richards Bay,Paradip,Panamax,Coal,68000,72000,28.19,596.18,105.45,Spring,1.0693,6900,23.96,1.54,2.02,85.2,27903,1.74,14.5,290,45,279,1.89,-2.25,Decreasing
2022-05-01,2022,5,Richards Bay,Paradip,Capesize,Coal,146500,160000,22.53,596.18,105.45,Spring,1.0693,6900,22.12,1.54,2.02,85.2,27903,1.74,14.5,290,45,28,2.25,1.17,Stable
2022-05-01,2022,5,Indonesia,Paradip,Handysize,Coal,34500,38000,27.06,596.18,105.45,Spring,1.0693,3000,10.42,2.21,2.59,75.1,26912,1.52,14.5,290,45,262,3.13,-3.67,Decreasing
2022-05-01,2022,5,Indonesia,Paradip,Supramax,Coal,52500,58000,23.75,596.18,105.45,Spring,1.0693,3000,10.42,2.21,2.59,75.1,26912,1.52,14.5,290,45,199,3.27,-3.22,Decreasing
2022-05-01,2022,5,Indonesia,Paradip,Panamax,Coal,71000,72000,20.47,596.18,105.45,Spring,1.0693,3000,10.42,2.21,2.59,75.1,26912,1.52,14.5,290,45,95,2.67,-7.5,Decreasing
2022-05-01,2022,5,Indonesia,Paradip,Capesize,Coal,149500,160000,17.37,596.18,105.45,Spring,1.0693,3000,9.62,2.21,2.59,75.1,26912,1.52,14.5,290,45,238,2.97,1.7,Stable
2022-05-01,2022,5,Brazil,Dhamra,Handysize,Iron Ore,35000,38000,43.01,596.18,105.45,Spring,1.0693,11000,38.19,1.12,1.71,92.2,27526,0.98,18.0,300,48,160,1.86,0.63,Stable
2022-05-01,2022,5,Brazil,Dhamra,Supramax,Iron Ore,54000,58000,35.53,596.18,105.45,Spring,1.0693,11000,38.19,1.12,1.71,92.2,27526,0.98,18.0,300,48,269,1.36,-2.71,Decreasing
2022-05-01,2022,5,Brazil,Dhamra,Panamax,Iron Ore,71000,72000,30.95,596.18,105.45,Spring,1.0693,11000,38.19,1.12,1.71,92.2,27526,0.98,18.0,300,48,138,1.8,-8.24,Decreasing
2022-05-01,2022,5,Brazil,Dhamra,Capesize,Iron Ore,154500,160000,24.25,596.18,105.45,Spring,1.0693,11000,35.26,1.12,1.71,92.2,27526,0.98,18.0,300,48,196,2.42,-8.04,Decreasing
2022-06-01,2022,6,Newcastle,Paradip,Handysize,Coal,34500,38000,31.12,569.27,102.77,Summer,1.04,4200,14.58,1.17,1.7,87.9,29861,1.68,14.5,290,45,56,1.67,-0.61,Stable
2022-06-01,2022,6,Newcastle,Paradip,Supramax,Coal,55500,58000,27.5,569.27,102.77,Summer,1.04,4200,14.58,1.17,1.7,87.9,29861,1.68,14.5,290,45,188,1.83,-0.83,Stable
2022-06-01,2022,6,Newcastle,Paradip,Panamax,Coal,67500,72000,22.82,569.27,102.77,Summer,1.04,4200,14.58,1.17,1.7,87.9,29861,1.68,14.5,290,45,208,2.13,-7.08,Decreasing
2022-06-01,2022,6,Newcastle,Paradip,Capesize,Coal,148000,160000,18.67,569.27,102.77,Summer,1.04,4200,13.46,1.17,1.7,87.9,29861,1.68,14.5,290,45,181,1.8,1.91,Stable
2022-06-01,2022,6,Newcastle,Dhamra,Handysize,Coal,36000,38000,31.24,569.27,102.77,Summer,1.04,4250,14.76,0.9,2.2,87.9,28470,1.88,18.0,300,48,108,2.69,-4.55,Decreasing
2022-06-01,2022,6,Newcastle,Dhamra,Supramax,Coal,57000,58000,26.6,569.27,102.77,Summer,1.04,4250,14.76,0.9,2.2,87.9,28470,1.88,18.0,300,48,10,2.61,1.03,Stable
2022-06-01,2022,6,Newcastle,Dhamra,Panamax,Coal,66000,72000,24.94,569.27,102.77,Summer,1.04,4250,14.76,0.9,2.2,87.9,28470,1.88,18.0,300,48,2,2.58,3.7,Increasing
2022-06-01,2022,6,Newcastle,Dhamra,Capesize,Coal,144500,160000,20.03,569.27,102.77,Summer,1.04,4250,13.62,0.9,2.2,87.9,28470,1.88,18.0,300,48,161,2.12,5.42,Increasing
2022-06-01,2022,6,Gladstone,Paradip,Handysize,Coal,33000,38000,34.0,569.27,102.77,Summer,1.04,4800,16.67,0.71,1.54,91.8,30531,2.05,14.5,290,45,168,1.45,2.22,Increasing
2022-06-01,2022,6,Gladstone,Paradip,Supramax,Coal,52000,58000,28.11,569.27,102.77,Summer,1.04,4800,16.67,0.71,1.54,91.8,30531,2.05,14.5,290,45,233,1.64,-2.46,Decreasing
2022-06-01,2022,6,Gladstone,Paradip,Panamax,Coal,71000,72000,24.33,569.27,102.77,Summer,1.04,4800,16.67,0.71,1.54,91.8,30531,2.05,14.5,290,45,159,1.36,-5.84,Decreasing
2022-06-01,2022,6,Gladstone,Paradip,Capesize,Coal,152000,160000,20.98,569.27,102.77,Summer,1.04,4800,15.38,0.71,1.54,91.8,30531,2.05,14.5,290,45,126,1.02,-2.92,Decreasing
2022-06-01,2022,6,Richards Bay,Paradip,Handysize,Coal,36000,38000,36.74,569.27,102.77,Summer,1.04,6900,23.96,1.04,1.74,90.7,27998,2.2,14.5,290,45,17,2.01,0.03,Stable
2022-06-01,2022,6,Richards Bay,Paradip,Supramax,Coal,53500,58000,30.83,569.27,102.77,Summer,1.04,6900,23.96,1.04,1.74,90.7,27998,2.2,14.5,290,45,187,1.81,-2.65,Decreasing
2022-06-01,2022,6,Richards Bay,Paradip,Panamax,Coal,66000,72000,27.82,569.27,102.77,Summer,1.04,6900,23.96,1.04,1.74,90.7,27998,2.2,14.5,290,45,73,1.66,-1.31,Stable
2022-06-01,2022,6,Richards Bay,Paradip,Capesize,Coal,153500,160000,21.36,569.27,102.77,Summer,1.04,6900,22.12,1.04,1.74,90.7,27998,2.2,14.5,290,45,213,2.04,-5.19,Decreasing
2022-06-01,2022,6,Indonesia,Paradip,Handysize,Coal,35500,38000,26.84,569.27,102.77,Summer,1.04,3000,10.42,0.2,0.63,91.9,29435,2.6,14.5,290,45,139,0.52,-0.81,Stable
2022-06-01,2022,6,Indonesia,Paradip,Supramax,Coal,57000,58000,23.94,569.27,102.77,Summer,1.04,3000,10.42,0.2,0.63,91.9,29435,2.6,14.5,290,45,238,0.69,0.8,Stable
2022-06-01,2022,6,Indonesia,Paradip,Panamax,Coal,66000,72000,19.74,569.27,102.77,Summer,1.04,3000,10.42,0.2,0.63,91.9,29435,2.6,14.5,290,45,201,0.77,-3.57,Decreasing
2022-06-01,2022,6,Indonesia,Paradip,Capesize,Coal,157000,160000,16.78,569.27,102.77,Summer,1.04,3000,9.62,0.2,0.63,91.9,29435,2.6,14.5,290,45,39,0.93,-3.4,Decreasing
2022-06-01,2022,6,Brazil,Dhamra,Handysize,Iron Ore,36000,38000,40.4,569.27,102.77,Summer,1.04,11000,38.19,0.39,0.89,97.9,31715,2.13,18.0,300,48,202,1.18,-6.07,Decreasing
2022-06-01,2022,6,Brazil,Dhamra,Supramax,Iron Ore,54000,58000,36.22,569.27,102.77,Summer,1.04,11000,38.19,0.39,0.89,97.9,31715,2.13,18.0,300,48,178,1.09,1.94,Stable
2022-06-01,2022,6,Brazil,Dhamra,Panamax,Iron Ore,69000,72000,31.65,569.27,102.77,Summer,1.04,11000,38.19,0.39,0.89,97.9,31715,2.13,18.0,300,48,227,0.81,2.26,Increasing
2022-06-01,2022,6,Brazil,Dhamra,Capesize,Iron Ore,150000,160000,24.15,569.27,102.77,Summer,1.04,11000,35.26,0.39,0.89,97.9,31715,2.13,18.0,300,48,195,1.16,-0.41,Stable
2022-07-01,2022,7,Newcastle,Paradip,Handysize,Coal,34500,38000,29.7,570.99,103.56,Summer,1.0,4200,14.58,1.17,1.31,88.4,29193,2.41,14.5,290,45,38,1.43,-4.56,Decreasing
2022-07-01,2022,7,Newcastle,Paradip,Supramax,Coal,56000,58000,26.14,570.99,103.56,Summer,1.0,4200,14.58,1.17,1.31,88.4,29193,2.41,14.5,290,45,200,1.53,-4.95,Decreasing
2022-07-01,2022,7,Newcastle,Paradip,Panamax,Coal,67500,72000,22.68,570.99,103.56,Summer,1.0,4200,14.58,1.17,1.31,88.4,29193,2.41,14.5,290,45,215,1.63,-0.61,Stable
2022-07-01,2022,7,Newcastle,Paradip,Capesize,Coal,153000,160000,18.23,570.99,103.56,Summer,1.0,4200,13.46,1.17,1.31,88.4,29193,2.41,14.5,290,45,0,1.8,-2.36,Decreasing
2022-07-01,2022,7,Newcastle,Dhamra,Handysize,Coal,36000,38000,30.93,570.99,103.56,Summer,1.0,4250,14.76,0.54,0.85,90.7,30098,2.95,18.0,300,48,50,1.25,-0.99,Stable
2022-07-01,2022,7,Newcastle,Dhamra,Supramax,Coal,55000,58000,25.98,570.99,103.56,Summer,1.0,4250,14.76,0.54,0.85,90.7,30098,2.95,18.0,300,48,171,0.51,-2.33,Decreasing
2022-07-01,2022,7,Newcastle,Dhamra,Panamax,Coal,68500,72000,22.88,570.99,103.56,Summer,1.0,4250,14.76,0.54,0.85,90.7,30098,2.95,18.0,300,48,51,0.57,-8.26,Decreasing
2022-07-01,2022,7,Newcastle,Dhamra,Capesize,Coal,155500,160000,18.49,570.99,103.56,Summer,1.0,4250,13.62,0.54,0.85,90.7,30098,2.95,18.0,300,48,282,0.82,-7.69,Decreasing
2022-07-01,2022,7,Gladstone,Paradip,Handysize,Coal,35000,38000,32.1,570.99,103.56,Summer,1.0,4800,16.67,0.2,0.48,94.0,29376,3.22,14.5,290,45,249,0.88,-5.59,Decreasing
2022-07-01,2022,7,Gladstone,Paradip,Supramax,Coal,54000,58000,26.36,570.99,103.56,Summer,1.0,4800,16.67,0.2,0.48,94.0,29376,3.22,14.5,290,45,126,0.58,-6.23,Decreasing
2022-07-01,2022,7,Gladstone,Paradip,Panamax,Coal,65500,72000,23.91,570.99,103.56,Summer,1.0,4800,16.67,0.2,0.48,94.0,29376,3.22,14.5,290,45,187,0.5,-1.73,Stable
2022-07-01,2022,7,Gladstone,Paradip,Capesize,Coal,150500,160000,19.15,570.99,103.56,Summer,1.0,4800,15.38,0.2,0.48,94.0,29376,3.22,14.5,290,45,141,0.28,-8.72,Decreasing
2022-07-01,2022,7,Richards Bay,Paradip,Handysize,Coal,34000,38000,34.69,570.99,103.56,Summer,1.0,6900,23.96,1.29,2.16,83.4,27405,1.68,14.5,290,45,44,2.16,-5.58,Decreasing
2022-07-01,2022,7,Richards Bay,Paradip,Supramax,Coal,53000,58000,30.14,570.99,103.56,Summer,1.0,6900,23.96,1.29,2.16,83.4,27405,1.68,14.5,290,45,165,2.21,-2.24,Decreasing
2022-07-01,2022,7,Richards Bay,Paradip,Panamax,Coal,68000,72000,26.6,570.99,103.56,Summer,1.0,6900,23.96,1.29,2.16,83.4,27405,1.68,14.5,290,45,138,2.81,-4.39,Decreasing
2022-07-01,2022,7,Richards Bay,Paradip,Capesize,Coal,157000,160000,20.67,570.99,103.56,Summer,1.0,6900,22.12,1.29,2.16,83.4,27405,1.68,14.5,290,45,226,2.59,-3.23,Decreasing
2022-07-01,2022,7,Indonesia,Paradip,Handysize,Coal,36500,38000,25.78,570.99,103.56,Summer,1.0,3000,10.42,0.2,1.16,91.6,29118,3.37,14.5,290,45,204,1.28,-3.95,Decreasing
2022-07-01,2022,7,Indonesia,Paradip,Supramax,Coal,55000,58000,21.1,570.99,103.56,Summer,1.0,3000,10.42,0.2,1.16,91.6,29118,3.37,14.5,290,45,243,1.48,-11.86,Decreasing
2022-07-01,2022,7,Indonesia,Paradip,Panamax,Coal,67000,72000,19.88,570.99,103.56,Summer,1.0,3000,10.42,0.2,1.16,91.6,29118,3.37,14.5,290,45,37,1.32,0.71,Stable
2022-07-01,2022,7,Indonesia,Paradip,Capesize,Coal,153000,160000,15.95,570.99,103.56,Summer,1.0,3000,9.62,0.2,1.16,91.6,29118,3.37,14.5,290,45,249,1.11,-4.95,Decreasing
2022-07-01,2022,7,Brazil,Dhamra,Handysize,Iron Ore,34500,38000,39.45,570.99,103.56,Summer,1.0,11000,38.19,1.11,1.29,86.7,28825,2.59,18.0,300,48,226,1.38,-2.35,Decreasing
2022-07-01,2022,7,Brazil,Dhamra,Supramax,Iron Ore,51500,58000,35.42,570.99,103.56,Summer,1.0,11000,38.19,1.11,1.29,86.7,28825,2.59,18.0,300,48,270,1.16,-2.21,Decreasing
2022-07-01,2022,7,Brazil,Dhamra,Panamax,Iron Ore,69000,72000,30.33,570.99,103.56,Summer,1.0,11000,38.19,1.11,1.29,86.7,28825,2.59,18.0,300,48,181,1.56,-4.17,Decreasing
2022-07-01,2022,7,Brazil,Dhamra,Capesize,Iron Ore,151000,160000,23.99,570.99,103.56,Summer,1.0,11000,35.26,1.11,1.29,86.7,28825,2.59,18.0,300,48,104,1.26,-0.66,Stable
2022-08-01,2022,8,Newcastle,Paradip,Handysize,Coal,35500,38000,28.26,528.02,97.0,Summer,0.96,4200,14.58,1.31,2.33,86.1,28779,2.75,14.5,290,45,219,2.69,-4.85,Decreasing
2022-08-01,2022,8,Newcastle,Paradip,Supramax,Coal,52500,58000,25.0,528.02,97.0,Summer,0.96,4200,14.58,1.31,2.33,86.1,28779,2.75,14.5,290,45,230,2.38,-4.36,Decreasing
2022-08-01,2022,8,Newcastle,Paradip,Panamax,Coal,68000,72000,22.45,528.02,97.0,Summer,0.96,4200,14.58,1.31,2.33,86.1,28779,2.75,14.5,290,45,143,2.84,-1.01,Stable
2022-08-01,2022,8,Newcastle,Paradip,Capesize,Coal,160000,160000,17.01,528.02,97.0,Summer,0.96,4200,13.46,1.31,2.33,86.1,28779,2.75,14.5,290,45,49,2.64,-6.69,Decreasing
2022-08-01,2022,8,Newcastle,Dhamra,Handysize,Coal,34000,38000,30.43,528.02,97.0,Summer,0.96,4250,14.76,1.33,1.75,82.0,28888,3.77,18.0,300,48,319,1.8,-1.62,Stable
2022-08-01,2022,8,Newcastle,Dhamra,Supramax,Coal,53500,58000,25.82,528.02,97.0,Summer,0.96,4250,14.76,1.33,1.75,82.0,28888,3.77,18.0,300,48,129,1.98,-0.62,Stable
2022-08-01,2022,8,Newcastle,Dhamra,Panamax,Coal,67500,72000,21.25,528.02,97.0,Summer,0.96,4250,14.76,1.33,1.75,82.0,28888,3.77,18.0,300,48,158,1.82,-7.12,Decreasing
2022-08-01,2022,8,Newcastle,Dhamra,Capesize,Coal,148000,160000,19.3,528.02,97.0,Summer,0.96,4250,13.62,1.33,1.75,82.0,28888,3.77,18.0,300,48,59,2.19,4.38,Increasing
2022-08-01,2022,8,Gladstone,Paradip,Handysize,Coal,36000,38000,29.99,528.02,97.0,Summer,0.96,4800,16.67,0.78,1.27,90.6,29463,3.43,14.5,290,45,111,1.13,-6.57,Decreasing
2022-08-01,2022,8,Gladstone,Paradip,Supramax,Coal,53000,58000,28.29,528.02,97.0,Summer,0.96,4800,16.67,0.78,1.27,90.6,29463,3.43,14.5,290,45,259,1.07,7.32,Increasing
2022-08-01,2022,8,Gladstone,Paradip,Panamax,Coal,65000,72000,23.83,528.02,97.0,Summer,0.96,4800,16.67,0.78,1.27,90.6,29463,3.43,14.5,290,45,203,1.54,-0.33,Stable
2022-08-01,2022,8,Gladstone,Paradip,Capesize,Coal,149000,160000,18.69,528.02,97.0,Summer,0.96,4800,15.38,0.78,1.27,90.6,29463,3.43,14.5,290,45,186,1.43,-2.4,Decreasing
2022-08-01,2022,8,Richards Bay,Paradip,Handysize,Coal,35500,38000,32.37,528.02,97.0,Summer,0.96,6900,23.96,0.2,0.79,94.8,31850,2.61,14.5,290,45,233,0.95,-6.69,Decreasing
2022-08-01,2022,8,Richards Bay,Paradip,Supramax,Coal,55500,58000,28.52,528.02,97.0,Summer,0.96,6900,23.96,0.2,0.79,94.8,31850,2.61,14.5,290,45,324,0.54,-5.37,Decreasing
2022-08-01,2022,8,Richards Bay,Paradip,Panamax,Coal,68500,72000,24.52,528.02,97.0,Summer,0.96,6900,23.96,0.2,0.79,94.8,31850,2.61,14.5,290,45,204,0.6,-7.82,Decreasing
2022-08-01,2022,8,Richards Bay,Paradip,Capesize,Coal,148500,160000,19.88,528.02,97.0,Summer,0.96,6900,22.12,0.2,0.79,94.8,31850,2.61,14.5,290,45,238,1.06,-3.82,Decreasing
2022-08-01,2022,8,Indonesia,Paradip,Handysize,Coal,34500,38000,25.85,528.02,97.0,Summer,0.96,3000,10.42,0.25,0.93,90.9,29549,2.68,14.5,290,45,194,0.63,0.27,Stable
2022-08-01,2022,8,Indonesia,Paradip,Supramax,Coal,53500,58000,21.48,528.02,97.0,Summer,0.96,3000,10.42,0.25,0.93,90.9,29549,2.68,14.5,290,45,327,0.58,1.8,Stable
2022-08-01,2022,8,Indonesia,Paradip,Panamax,Coal,63500,72000,20.04,528.02,97.0,Summer,0.96,3000,10.42,0.25,0.93,90.9,29549,2.68,14.5,290,45,191,0.76,0.8,Stable
2022-08-01,2022,8,Indonesia,Paradip,Capesize,Coal,153000,160000,12.93,528.02,97.0,Summer,0.96,3000,9.62,0.25,0.93,90.9,29549,2.68,14.5,290,45,160,1.06,-18.93,Decreasing
2022-08-01,2022,8,Brazil,Dhamra,Handysize,Iron Ore,34000,38000,37.4,528.02,97.0,Summer,0.96,11000,38.19,1.44,1.57,82.1,28448,3.08,18.0,300,48,80,1.99,-5.2,Decreasing
2022-08-01,2022,8,Brazil,Dhamra,Supramax,Iron Ore,56000,58000,32.33,528.02,97.0,Summer,0.96,11000,38.19,1.44,1.57,82.1,28448,3.08,18.0,300,48,163,1.47,-8.72,Decreasing
2022-08-01,2022,8,Brazil,Dhamra,Panamax,Iron Ore,67000,72000,29.22,528.02,97.0,Summer,0.96,11000,38.19,1.44,1.57,82.1,28448,3.08,18.0,300,48,369,1.55,-3.66,Decreasing
2022-08-01,2022,8,Brazil,Dhamra,Capesize,Iron Ore,158000,160000,24.15,528.02,97.0,Summer,0.96,11000,35.26,1.44,1.57,82.1,28448,3.08,18.0,300,48,182,2.27,0.67,Stable
2022-09-01,2022,9,Newcastle,Paradip,Handysize,Coal,34000,38000,27.59,514.97,99.71,Autumn,0.9307,4200,14.58,1.97,2.76,76.9,27490,2.89,14.5,290,45,258,3.0,-2.37,Decreasing
2022-09-01,2022,9,Newcastle,Paradip,Supramax,Coal,54500,58000,23.95,514.97,99.71,Autumn,0.9307,4200,14.58,1.97,2.76,76.9,27490,2.89,14.5,290,45,227,2.55,-4.2,Decreasing
2022-09-01,2022,9,Newcastle,Paradip,Panamax,Coal,66500,72000,21.73,514.97,99.71,Autumn,0.9307,4200,14.58,1.97,2.76,76.9,27490,2.89,14.5,290,45,256,2.99,-3.21,Decreasing
2022-09-01,2022,9,Newcastle,Paradip,Capesize,Coal,141500,160000,17.84,514.97,99.71,Autumn,0.9307,4200,13.46,1.97,2.76,76.9,27490,2.89,14.5,290,45,109,2.82,4.88,Increasing
2022-09-01,2022,9,Newcastle,Dhamra,Handysize,Coal,36500,38000,28.52,514.97,99.71,Autumn,0.9307,4250,14.76,0.96,1.45,82.8,29480,2.9,18.0,300,48,68,1.57,-6.28,Decreasing
2022-09-01,2022,9,Newcastle,Dhamra,Supramax,Coal,54500,58000,24.64,514.97,99.71,Autumn,0.9307,4250,14.76,0.96,1.45,82.8,29480,2.9,18.0,300,48,213,1.44,-4.57,Decreasing
2022-09-01,2022,9,Newcastle,Dhamra,Panamax,Coal,68000,72000,22.13,514.97,99.71,Autumn,0.9307,4250,14.76,0.96,1.45,82.8,29480,2.9,18.0,300,48,276,1.8,4.14,Increasing
2022-09-01,2022,9,Newcastle,Dhamra,Capesize,Coal,154000,160000,17.52,514.97,99.71,Autumn,0.9307,4250,13.62,0.96,1.45,82.8,29480,2.9,18.0,300,48,272,1.72,-9.22,Decreasing
2022-09-01,2022,9,Gladstone,Paradip,Handysize,Coal,35500,38000,29.71,514.97,99.71,Autumn,0.9307,4800,16.67,0.83,1.89,88.3,28673,3.55,14.5,290,45,175,2.12,-0.93,Stable
2022-09-01,2022,9,Gladstone,Paradip,Supramax,Coal,57500,58000,26.14,514.97,99.71,Autumn,0.9307,4800,16.67,0.83,1.89,88.3,28673,3.55,14.5,290,45,175,2.28,-7.6,Decreasing
2022-09-01,2022,9,Gladstone,Paradip,Panamax,Coal,65500,72000,23.11,514.97,99.71,Autumn,0.9307,4800,16.67,0.83,1.89,88.3,28673,3.55,14.5,290,45,304,1.99,-3.02,Decreasing
2022-09-01,2022,9,Gladstone,Paradip,Capesize,Coal,146500,160000,17.79,514.97,99.71,Autumn,0.9307,4800,15.38,0.83,1.89,88.3,28673,3.55,14.5,290,45,72,1.85,-4.82,Decreasing
2022-09-01,2022,9,Richards Bay,Paradip,Handysize,Coal,37000,38000,32.41,514.97,99.71,Autumn,0.9307,6900,23.96,1.1,1.14,89.5,28049,3.21,14.5,290,45,242,1.17,0.12,Stable
2022-09-01,2022,9,Richards Bay,Paradip,Supramax,Coal,56000,58000,26.81,514.97,99.71,Autumn,0.9307,6900,23.96,1.1,1.14,89.5,28049,3.21,14.5,290,45,231,1.38,-6.0,Decreasing
2022-09-01,2022,9,Richards Bay,Paradip,Panamax,Coal,69000,72000,24.0,514.97,99.71,Autumn,0.9307,6900,23.96,1.1,1.14,89.5,28049,3.21,14.5,290,45,88,1.49,-2.12,Decreasing
2022-09-01,2022,9,Richards Bay,Paradip,Capesize,Coal,146000,160000,20.27,514.97,99.71,Autumn,0.9307,6900,22.12,1.1,1.14,89.5,28049,3.21,14.5,290,45,50,1.55,1.96,Stable
2022-09-01,2022,9,Indonesia,Paradip,Handysize,Coal,35500,38000,23.14,514.97,99.71,Autumn,0.9307,3000,10.42,0.62,1.42,89.3,29661,3.51,14.5,290,45,79,1.04,-10.48,Decreasing
2022-09-01,2022,9,Indonesia,Paradip,Supramax,Coal,55000,58000,19.16,514.97,99.71,Autumn,0.9307,3000,10.42,0.62,1.42,89.3,29661,3.51,14.5,290,45,167,1.47,-10.8,Decreasing
2022-09-01,2022,9,Indonesia,Paradip,Panamax,Coal,69000,72000,18.1,514.97,99.71,Autumn,0.9307,3000,10.42,0.62,1.42,89.3,29661,3.51,14.5,290,45,133,1.72,-9.68,Decreasing
2022-09-01,2022,9,Indonesia,Paradip,Capesize,Coal,152000,160000,14.95,514.97,99.71,Autumn,0.9307,3000,9.62,0.62,1.42,89.3,29661,3.51,14.5,290,45,197,1.15,15.62,Increasing
2022-09-01,2022,9,Brazil,Dhamra,Handysize,Iron Ore,35000,38000,36.88,514.97,99.71,Autumn,0.9307,11000,38.19,1.72,2.37,81.7,27913,2.69,18.0,300,48,274,2.95,-1.39,Stable
2022-09-01,2022,9,Brazil,Dhamra,Supramax,Iron Ore,52000,58000,32.07,514.97,99.71,Autumn,0.9307,11000,38.19,1.72,2.37,81.7,27913,2.69,18.0,300,48,266,2.78,-0.8,Stable
2022-09-01,2022,9,Brazil,Dhamra,Panamax,Iron Ore,70000,72000,29.96,514.97,99.71,Autumn,0.9307,11000,38.19,1.72,2.37,81.7,27913,2.69,18.0,300,48,241,2.74,2.53,Increasing
2022-09-01,2022,9,Brazil,Dhamra,Capesize,Iron Ore,156000,160000,22.9,514.97,99.71,Autumn,0.9307,11000,35.26,1.72,2.37,81.7,27913,2.69,18.0,300,48,161,2.59,-5.18,Decreasing
2022-10-01,2022,10,Newcastle,Paradip,Handysize,Coal,36000,38000,27.01,509.13,99.74,Autumn,0.92,4200,14.58,2.07,1.97,74.2,27948,3.22,14.5,290,45,169,2.84,-2.1,Decreasing
2022-10-01,2022,10,Newcastle,Paradip,Supramax,Coal,53500,58000,22.98,509.13,99.74,Autumn,0.92,4200,14.58,2.07,1.97,74.2,27948,3.22,14.5,290,45,278,2.84,-4.05,Decreasing
2022-10-01,2022,10,Newcastle,Paradip,Panamax,Coal,67500,72000,22.23,509.13,99.74,Autumn,0.92,4200,14.58,2.07,1.97,74.2,27948,3.22,14.5,290,45,267,2.16,2.3,Increasing
2022-10-01,2022,10,Newcastle,Paradip,Capesize,Coal,148000,160000,18.25,509.13,99.74,Autumn,0.92,4200,13.46,2.07,1.97,74.2,27948,3.22,14.5,290,45,294,2.49,2.3,Increasing
2022-10-01,2022,10,Newcastle,Dhamra,Handysize,Coal,37000,38000,28.53,509.13,99.74,Autumn,0.92,4250,14.76,1.32,2.51,84.6,28660,2.77,18.0,300,48,193,2.87,0.04,Stable
2022-10-01,2022,10,Newcastle,Dhamra,Supramax,Coal,54500,58000,24.51,509.13,99.74,Autumn,0.92,4250,14.76,1.32,2.51,84.6,28660,2.77,18.0,300,48,0,2.68,-0.53,Stable
2022-10-01,2022,10,Newcastle,Dhamra,Panamax,Coal,68000,72000,20.86,509.13,99.74,Autumn,0.92,4250,14.76,1.32,2.51,84.6,28660,2.77,18.0,300,48,190,2.7,-5.74,Decreasing
2022-10-01,2022,10,Newcastle,Dhamra,Capesize,Coal,159000,160000,18.63,509.13,99.74,Autumn,0.92,4250,13.62,1.32,2.51,84.6,28660,2.77,18.0,300,48,122,2.71,6.34,Increasing
2022-10-01,2022,10,Gladstone,Paradip,Handysize,Coal,36000,38000,29.86,509.13,99.74,Autumn,0.92,4800,16.67,1.76,2.04,80.0,27097,3.14,14.5,290,45,95,2.58,0.5,Stable
2022-10-01,2022,10,Gladstone,Paradip,Supramax,Coal,53500,58000,25.6,509.13,99.74,Autumn,0.92,4800,16.67,1.76,2.04,80.0,27097,3.14,14.5,290,45,225,2.35,-2.07,Decreasing
2022-10-01,2022,10,Gladstone,Paradip,Panamax,Coal,68500,72000,22.53,509.13,99.74,Autumn,0.92,4800,16.67,1.76,2.04,80.0,27097,3.14,14.5,290,45,144,2.3,-2.51,Decreasing
2022-10-01,2022,10,Gladstone,Paradip,Capesize,Coal,147000,160000,18.31,509.13,99.74,Autumn,0.92,4800,15.38,1.76,2.04,80.0,27097,3.14,14.5,290,45,36,2.23,2.92,Increasing
2022-10-01,2022,10,Richards Bay,Paradip,Handysize,Coal,36000,38000,31.41,509.13,99.74,Autumn,0.92,6900,23.96,1.64,2.01,82.7,28364,2.92,14.5,290,45,63,2.04,-3.09,Decreasing
2022-10-01,2022,10,Richards Bay,Paradip,Supramax,Coal,53500,58000,27.28,509.13,99.74,Autumn,0.92,6900,23.96,1.64,2.01,82.7,28364,2.92,14.5,290,45,98,1.98,1.75,Stable
2022-10-01,2022,10,Richards Bay,Paradip,Panamax,Coal,66500,72000,24.97,509.13,99.74,Autumn,0.92,6900,23.96,1.64,2.01,82.7,28364,2.92,14.5,290,45,207,2.16,4.04,Increasing
2022-10-01,2022,10,Richards Bay,Paradip,Capesize,Coal,148500,160000,19.24,509.13,99.74,Autumn,0.92,6900,22.12,1.64,2.01,82.7,28364,2.92,14.5,290,45,157,2.09,-5.08,Decreasing
2022-10-01,2022,10,Indonesia,Paradip,Handysize,Coal,38000,38000,24.09,509.13,99.74,Autumn,0.92,3000,10.42,2.12,1.87,79.8,27590,2.86,14.5,290,45,79,2.23,4.11,Increasing
2022-10-01,2022,10,Indonesia,Paradip,Supramax,Coal,51500,58000,20.59,509.13,99.74,Autumn,0.92,3000,10.42,2.12,1.87,79.8,27590,2.86,14.5,290,45,93,2.48,7.46,Increasing
2022-10-01,2022,10,Indonesia,Paradip,Panamax,Coal,66500,72000,18.58,509.13,99.74,Autumn,0.92,3000,10.42,2.12,1.87,79.8,27590,2.86,14.5,290,45,109,2.69,2.65,Increasing
2022-10-01,2022,10,Indonesia,Paradip,Capesize,Coal,149000,160000,16.48,509.13,99.74,Autumn,0.92,3000,9.62,2.12,1.87,79.8,27590,2.86,14.5,290,45,225,2.37,10.23,Increasing
2022-10-01,2022,10,Brazil,Dhamra,Handysize,Iron Ore,35000,38000,35.26,509.13,99.74,Autumn,0.92,11000,38.19,2.0,2.54,79.3,28188,2.08,18.0,300,48,155,3.33,-4.39,Decreasing
2022-10-01,2022,10,Brazil,Dhamra,Supramax,Iron Ore,56500,58000,31.29,509.13,99.74,Autumn,0.92,11000,38.19,2.0,2.54,79.3,28188,2.08,18.0,300,48,236,2.81,-2.43,Decreasing
2022-10-01,2022,10,Brazil,Dhamra,Panamax,Iron Ore,64000,72000,27.53,509.13,99.74,Autumn,0.92,11000,38.19,2.0,2.54,79.3,28188,2.08,18.0,300,48,285,2.83,-8.11,Decreasing
2022-10-01,2022,10,Brazil,Dhamra,Capesize,Iron Ore,151000,160000,22.41,509.13,99.74,Autumn,0.92,11000,35.26,2.0,2.54,79.3,28188,2.08,18.0,300,48,312,3.31,-2.14,Decreasing
2022-11-01,2022,11,Newcastle,Paradip,Handysize,Coal,34000,38000,26.5,509.63,106.72,Autumn,0.9307,4200,14.58,1.47,2.46,84.8,27473,2.02,14.5,290,45,111,2.59,-1.89,Stable
2022-11-01,2022,11,Newcastle,Paradip,Supramax,Coal,53500,58000,24.03,509.63,106.72,Autumn,0.9307,4200,14.58,1.47,2.46,84.8,27473,2.02,14.5,290,45,71,2.78,4.57,Increasing
2022-11-01,2022,11,Newcastle,Paradip,Panamax,Coal,70500,72000,20.69,509.63,106.72,Autumn,0.9307,4200,14.58,1.47,2.46,84.8,27473,2.02,14.5,290,45,102,2.67,-6.93,Decreasing
2022-11-01,2022,11,Newcastle,Paradip,Capesize,Coal,156000,160000,17.02,509.63,106.72,Autumn,0.9307,4200,13.46,1.47,2.46,84.8,27473,2.02,14.5,290,45,117,2.85,-6.74,Decreasing
2022-11-01,2022,11,Newcastle,Dhamra,Handysize,Coal,34000,38000,28.5,509.63,106.72,Autumn,0.9307,4250,14.76,1.69,2.38,81.7,27381,2.8,18.0,300,48,258,2.52,-0.11,Stable
2022-11-01,2022,11,Newcastle,Dhamra,Supramax,Coal,55500,58000,22.69,509.63,106.72,Autumn,0.9307,4250,14.76,1.69,2.38,81.7,27381,2.8,18.0,300,48,113,2.68,-7.43,Decreasing
2022-11-01,2022,11,Newcastle,Dhamra,Panamax,Coal,65500,72000,21.15,509.63,106.72,Autumn,0.9307,4250,14.76,1.69,2.38,81.7,27381,2.8,18.0,300,48,106,2.76,1.39,Stable
2022-11-01,2022,11,Newcastle,Dhamra,Capesize,Coal,149500,160000,15.86,509.63,106.72,Autumn,0.9307,4250,13.62,1.69,2.38,81.7,27381,2.8,18.0,300,48,0,2.53,-14.87,Decreasing
2022-11-01,2022,11,Gladstone,Paradip,Handysize,Coal,34500,38000,29.96,509.63,106.72,Autumn,0.9307,4800,16.67,2.55,1.91,74.3,27910,2.35,14.5,290,45,171,1.83,0.33,Stable
2022-11-01,2022,11,Gladstone,Paradip,Supramax,Coal,56000,58000,25.8,509.63,106.72,Autumn,0.9307,4800,16.67,2.55,1.91,74.3,27910,2.35,14.5,290,45,200,3.35,0.78,Stable
2022-11-01,2022,11,Gladstone,Paradip,Panamax,Coal,63000,72000,24.42,509.63,106.72,Autumn,0.9307,4800,16.67,2.55,1.91,74.3,27910,2.35,14.5,290,45,137,2.44,8.39,Increasing
2022-11-01,2022,11,Gladstone,Paradip,Capesize,Coal,150000,160000,18.28,509.63,106.72,Autumn,0.9307,4800,15.38,2.55,1.91,74.3,27910,2.35,14.5,290,45,114,2.45,-0.16,Stable
2022-11-01,2022,11,Richards Bay,Paradip,Handysize,Coal,36500,38000,31.47,509.63,106.72,Autumn,0.9307,6900,23.96,1.47,2.21,81.5,27926,2.39,14.5,290,45,188,2.29,0.19,Stable
2022-11-01,2022,11,Richards Bay,Paradip,Supramax,Coal,56000,58000,27.98,509.63,106.72,Autumn,0.9307,6900,23.96,1.47,2.21,81.5,27926,2.39,14.5,290,45,307,2.43,2.57,Increasing
2022-11-01,2022,11,Richards Bay,Paradip,Panamax,Coal,69000,72000,24.79,509.63,106.72,Autumn,0.9307,6900,23.96,1.47,2.21,81.5,27926,2.39,14.5,290,45,263,2.29,-0.72,Stable
2022-11-01,2022,11,Richards Bay,Paradip,Capesize,Coal,154000,160000,19.63,509.63,106.72,Autumn,0.9307,6900,22.12,1.47,2.21,81.5,27926,2.39,14.5,290,45,154,2.5,2.03,Increasing
2022-11-01,2022,11,Indonesia,Paradip,Handysize,Coal,36000,38000,23.59,509.63,106.72,Autumn,0.9307,3000,10.42,2.44,2.73,80.4,27763,2.71,14.5,290,45,88,3.41,-2.08,Decreasing
2022-11-01,2022,11,Indonesia,Paradip,Supramax,Coal,56000,58000,21.83,509.63,106.72,Autumn,0.9307,3000,10.42,2.44,2.73,80.4,27763,2.71,14.5,290,45,111,3.11,6.02,Increasing
2022-11-01,2022,11,Indonesia,Paradip,Panamax,Coal,64000,72000,18.43,509.63,106.72,Autumn,0.9307,3000,10.42,2.44,2.73,80.4,27763,2.71,14.5,290,45,239,3.05,-0.81,Stable
2022-11-01,2022,11,Indonesia,Paradip,Capesize,Coal,153500,160000,14.97,509.63,106.72,Autumn,0.9307,3000,9.62,2.44,2.73,80.4,27763,2.71,14.5,290,45,185,2.88,-9.16,Decreasing
2022-11-01,2022,11,Brazil,Dhamra,Handysize,Iron Ore,36000,38000,37.0,509.63,106.72,Autumn,0.9307,11000,38.19,2.35,1.65,73.1,28028,2.51,18.0,300,48,281,1.83,4.93,Increasing
2022-11-01,2022,11,Brazil,Dhamra,Supramax,Iron Ore,57500,58000,32.31,509.63,106.72,Autumn,0.9307,11000,38.19,2.35,1.65,73.1,28028,2.51,18.0,300,48,141,2.35,3.26,Increasing
2022-11-01,2022,11,Brazil,Dhamra,Panamax,Iron Ore,65500,72000,27.85,509.63,106.72,Autumn,0.9307,11000,38.19,2.35,1.65,73.1,28028,2.51,18.0,300,48,111,1.94,1.16,Stable
2022-11-01,2022,11,Brazil,Dhamra,Capesize,Iron Ore,148000,160000,23.73,509.63,106.72,Autumn,0.9307,11000,35.26,2.35,1.65,73.1,28028,2.51,18.0,300,48,139,2.16,5.89,Increasing
2022-12-01,2022,12,Newcastle,Paradip,Handysize,Coal,35000,38000,28.61,483.52,106.74,Winter,0.96,4200,14.58,1.61,2.05,88.1,28701,1.32,14.5,290,45,92,2.47,7.96,Increasing
2022-12-01,2022,12,Newcastle,Paradip,Supramax,Coal,55000,58000,24.03,483.52,106.74,Winter,0.96,4200,14.58,1.61,2.05,88.1,28701,1.32,14.5,290,45,261,2.52,0.0,Stable
2022-12-01,2022,12,Newcastle,Paradip,Panamax,Coal,68500,72000,20.2,483.52,106.74,Winter,0.96,4200,14.58,1.61,2.05,88.1,28701,1.32,14.5,290,45,83,2.31,-2.37,Decreasing
2022-12-01,2022,12,Newcastle,Paradip,Capesize,Coal,151000,160000,16.28,483.52,106.74,Winter,0.96,4200,13.46,1.61,2.05,88.1,28701,1.32,14.5,290,45,352,2.72,-4.35,Decreasing
2022-12-01,2022,12,Newcastle,Dhamra,Handysize,Coal,35500,38000,28.13,483.52,106.74,Winter,0.96,4250,14.76,3.0,3.27,69.6,26458,1.89,18.0,300,48,186,3.77,-1.3,Stable
2022-12-01,2022,12,Newcastle,Dhamra,Supramax,Coal,51000,58000,24.47,483.52,106.74,Winter,0.96,4250,14.76,3.0,3.27,69.6,26458,1.89,18.0,300,48,126,4.28,7.84,Increasing
2022-12-01,2022,12,Newcastle,Dhamra,Panamax,Coal,69000,72000,21.65,483.52,106.74,Winter,0.96,4250,14.76,3.0,3.27,69.6,26458,1.89,18.0,300,48,198,3.43,2.36,Increasing
2022-12-01,2022,12,Newcastle,Dhamra,Capesize,Coal,155500,160000,17.86,483.52,106.74,Winter,0.96,4250,13.62,3.0,3.27,69.6,26458,1.89,18.0,300,48,152,4.14,12.61,Increasing
2022-12-01,2022,12,Gladstone,Paradip,Handysize,Coal,31000,38000,29.65,483.52,106.74,Winter,0.96,4800,16.67,1.96,1.88,82.9,26587,1.71,14.5,290,45,204,2.53,-1.03,Stable
2022-12-01,2022,12,Gladstone,Paradip,Supramax,Coal,53500,58000,25.54,483.52,106.74,Winter,0.96,4800,16.67,1.96,1.88,82.9,26587,1.71,14.5,290,45,252,1.76,-1.01,Stable
2022-12-01,2022,12,Gladstone,Paradip,Panamax,Coal,67000,72000,23.41,483.52,106.74,Winter,0.96,4800,16.67,1.96,1.88,82.9,26587,1.71,14.5,290,45,195,2.1,-4.14,Decreasing
2022-12-01,2022,12,Gladstone,Paradip,Capesize,Coal,150500,160000,16.75,483.52,106.74,Winter,0.96,4800,15.38,1.96,1.88,82.9,26587,1.71,14.5,290,45,107,2.34,-8.37,Decreasing
2022-12-01,2022,12,Richards Bay,Paradip,Handysize,Coal,33500,38000,32.65,483.52,106.74,Winter,0.96,6900,23.96,2.13,2.53,78.1,27568,2.22,14.5,290,45,208,2.95,3.75,Increasing
2022-12-01,2022,12,Richards Bay,Paradip,Supramax,Coal,53500,58000,28.45,483.52,106.74,Winter,0.96,6900,23.96,2.13,2.53,78.1,27568,2.22,14.5,290,45,217,2.4,1.68,Stable
2022-12-01,2022,12,Richards Bay,Paradip,Panamax,Coal,70000,72000,25.21,483.52,106.74,Winter,0.96,6900,23.96,2.13,2.53,78.1,27568,2.22,14.5,290,45,194,3.21,1.69,Stable
2022-12-01,2022,12,Richards Bay,Paradip,Capesize,Coal,144000,160000,19.84,483.52,106.74,Winter,0.96,6900,22.12,2.13,2.53,78.1,27568,2.22,14.5,290,45,136,2.71,1.07,Stable
2022-12-01,2022,12,Indonesia,Paradip,Handysize,Coal,34500,38000,24.95,483.52,106.74,Winter,0.96,3000,10.42,3.62,3.48,67.5,24814,1.72,14.5,290,45,223,4.11,5.77,Increasing
2022-12-01,2022,12,Indonesia,Paradip,Supramax,Coal,53500,58000,20.28,483.52,106.74,Winter,0.96,3000,10.42,3.62,3.48,67.5,24814,1.72,14.5,290,45,275,4.57,-7.1,Decreasing
2022-12-01,2022,12,Indonesia,Paradip,Panamax,Coal,67500,72000,19.53,483.52,106.74,Winter,0.96,3000,10.42,3.62,3.48,67.5,24814,1.72,14.5,290,45,305,3.81,5.97,Increasing
2022-12-01,2022,12,Indonesia,Paradip,Capesize,Coal,158500,160000,15.81,483.52,106.74,Winter,0.96,3000,9.62,3.62,3.48,67.5,24814,1.72,14.5,290,45,380,3.95,5.61,Increasing
2022-12-01,2022,12,Brazil,Dhamra,Handysize,Iron Ore,36500,38000,38.07,483.52,106.74,Winter,0.96,11000,38.19,3.67,4.09,67.3,25427,2.28,18.0,300,48,92,4.47,2.89,Increasing
2022-12-01,2022,12,Brazil,Dhamra,Supramax,Iron Ore,54000,58000,33.02,483.52,106.74,Winter,0.96,11000,38.19,3.67,4.09,67.3,25427,2.28,18.0,300,48,245,5.05,2.2,Increasing
2022-12-01,2022,12,Brazil,Dhamra,Panamax,Iron Ore,63500,72000,29.67,483.52,106.74,Winter,0.96,11000,38.19,3.67,4.09,67.3,25427,2.28,18.0,300,48,104,4.94,6.54,Increasing
2022-12-01,2022,12,Brazil,Dhamra,Capesize,Iron Ore,151500,160000,24.05,483.52,106.74,Winter,0.96,11000,35.26,3.67,4.09,67.3,25427,2.28,18.0,300,48,180,5.07,1.35,Stable
2023-01-01,2023,1,Newcastle,Paradip,Handysize,Coal,34000,38000,30.47,541.0,119.81,Winter,1.0,4200,14.58,3.12,3.1,75.2,27007,1.83,14.5,290,45,56,3.81,6.5,Increasing
2023-01-01,2023,1,Newcastle,Paradip,Supramax,Coal,55500,58000,24.77,541.0,119.81,Winter,1.0,4200,14.58,3.12,3.1,75.2,27007,1.83,14.5,290,45,67,3.59,3.08,Increasing
2023-01-01,2023,1,Newcastle,Paradip,Panamax,Coal,67000,72000,22.75,541.0,119.81,Winter,1.0,4200,14.58,3.12,3.1,75.2,27007,1.83,14.5,290,45,191,3.73,12.62,Increasing
2023-01-01,2023,1,Newcastle,Paradip,Capesize,Coal,149500,160000,18.56,541.0,119.81,Winter,1.0,4200,13.46,3.12,3.1,75.2,27007,1.83,14.5,290,45,243,4.08,14.0,Increasing
2023-01-01,2023,1,Newcastle,Dhamra,Handysize,Coal,36000,38000,29.36,541.0,119.81,Winter,1.0,4250,14.76,2.53,2.64,74.8,26862,1.65,18.0,300,48,265,3.11,4.37,Increasing
2023-01-01,2023,1,Newcastle,Dhamra,Supramax,Coal,54000,58000,26.58,541.0,119.81,Winter,1.0,4250,14.76,2.53,2.64,74.8,26862,1.65,18.0,300,48,156,2.66,8.62,Increasing
2023-01-01,2023,1,Newcastle,Dhamra,Panamax,Coal,71000,72000,24.09,541.0,119.81,Winter,1.0,4250,14.76,2.53,2.64,74.8,26862,1.65,18.0,300,48,195,3.33,11.27,Increasing
2023-01-01,2023,1,Newcastle,Dhamra,Capesize,Coal,145500,160000,19.75,541.0,119.81,Winter,1.0,4250,13.62,2.53,2.64,74.8,26862,1.65,18.0,300,48,138,3.31,10.58,Increasing
2023-01-01,2023,1,Gladstone,Paradip,Handysize,Coal,34000,38000,31.25,541.0,119.81,Winter,1.0,4800,16.67,1.63,2.05,84.0,28373,1.1,14.5,290,45,151,2.12,5.4,Increasing
2023-01-01,2023,1,Gladstone,Paradip,Supramax,Coal,56000,58000,27.16,541.0,119.81,Winter,1.0,4800,16.67,1.63,2.05,84.0,28373,1.1,14.5,290,45,0,2.25,6.34,Increasing
2023-01-01,2023,1,Gladstone,Paradip,Panamax,Coal,65500,72000,23.5,541.0,119.81,Winter,1.0,4800,16.67,1.63,2.05,84.0,28373,1.1,14.5,290,45,61,2.37,0.38,Stable
2023-01-01,2023,1,Gladstone,Paradip,Capesize,Coal,157000,160000,20.07,541.0,119.81,Winter,1.0,4800,15.38,1.63,2.05,84.0,28373,1.1,14.5,290,45,111,2.46,19.82,Increasing
2023-01-01,2023,1,Richards Bay,Paradip,Handysize,Coal,35000,38000,34.83,541.0,119.81,Winter,1.0,6900,23.96,2.55,2.62,71.2,26670,0.82,14.5,290,45,126,2.84,6.68,Increasing
2023-01-01,2023,1,Richards Bay,Paradip,Supramax,Coal,55500,58000,29.17,541.0,119.81,Winter,1.0,6900,23.96,2.55,2.62,71.2,26670,0.82,14.5,290,45,222,2.83,2.53,Increasing
2023-01-01,2023,1,Richards Bay,Paradip,Panamax,Coal,66000,72000,26.09,541.0,119.81,Winter,1.0,6900,23.96,2.55,2.62,71.2,26670,0.82,14.5,290,45,119,3.32,3.49,Increasing
2023-01-01,2023,1,Richards Bay,Paradip,Capesize,Coal,153000,160000,22.58,541.0,119.81,Winter,1.0,6900,22.12,2.55,2.62,71.2,26670,0.82,14.5,290,45,201,2.8,13.81,Increasing
2023-01-01,2023,1,Indonesia,Paradip,Handysize,Coal,36000,38000,27.49,541.0,119.81,Winter,1.0,3000,10.42,2.62,2.65,72.1,27484,2.07,14.5,290,45,127,3.3,10.18,Increasing
2023-01-01,2023,1,Indonesia,Paradip,Supramax,Coal,58000,58000,22.19,541.0,119.81,Winter,1.0,3000,10.42,2.62,2.65,72.1,27484,2.07,14.5,290,45,37,2.65,9.42,Increasing
2023-01-01,2023,1,Indonesia,Paradip,Panamax,Coal,69000,72000,19.07,541.0,119.81,Winter,1.0,3000,10.42,2.62,2.65,72.1,27484,2.07,14.5,290,45,130,3.23,-2.36,Decreasing
2023-01-01,2023,1,Indonesia,Paradip,Capesize,Coal,151500,160000,16.9,541.0,119.81,Winter,1.0,3000,9.62,2.62,2.65,72.1,27484,2.07,14.5,290,45,177,3.44,6.89,Increasing
2023-01-01,2023,1,Brazil,Dhamra,Handysize,Iron Ore,35500,38000,40.47,541.0,119.81,Winter,1.0,11000,38.19,2.28,2.4,79.9,27899,1.01,18.0,300,48,65,3.22,6.3,Increasing
2023-01-01,2023,1,Brazil,Dhamra,Supramax,Iron Ore,57000,58000,34.71,541.0,119.81,Winter,1.0,11000,38.19,2.28,2.4,79.9,27899,1.01,18.0,300,48,302,2.39,5.12,Increasing
2023-01-01,2023,1,Brazil,Dhamra,Panamax,Iron Ore,66500,72000,30.21,541.0,119.81,Winter,1.0,11000,38.19,2.28,2.4,79.9,27899,1.01,18.0,300,48,217,2.55,1.82,Stable
2023-01-01,2023,1,Brazil,Dhamra,Capesize,Iron Ore,155000,160000,25.69,541.0,119.81,Winter,1.0,11000,35.26,2.28,2.4,79.9,27899,1.01,18.0,300,48,215,2.88,6.82,Increasing
2023-02-01,2023,2,Newcastle,Paradip,Handysize,Coal,37500,38000,30.45,544.15,116.86,Winter,1.04,4200,14.58,3.09,3.32,66.2,25537,0.75,14.5,290,45,175,4.13,-0.07,Stable
2023-02-01,2023,2,Newcastle,Paradip,Supramax,Coal,52500,58000,27.37,544.15,116.86,Winter,1.04,4200,14.58,3.09,3.32,66.2,25537,0.75,14.5,290,45,235,3.88,10.5,Increasing
2023-02-01,2023,2,Newcastle,Paradip,Panamax,Coal,72000,72000,23.36,544.15,116.86,Winter,1.04,4200,14.58,3.09,3.32,66.2,25537,0.75,14.5,290,45,244,3.83,2.68,Increasing
2023-02-01,2023,2,Newcastle,Paradip,Capesize,Coal,154000,160000,20.23,544.15,116.86,Winter,1.04,4200,13.46,3.09,3.32,66.2,25537,0.75,14.5,290,45,101,3.93,9.0,Increasing
2023-02-01,2023,2,Newcastle,Dhamra,Handysize,Coal,35500,38000,31.89,544.15,116.86,Winter,1.04,4250,14.76,1.64,2.31,84.4,28768,1.11,18.0,300,48,89,2.43,8.62,Increasing
2023-02-01,2023,2,Newcastle,Dhamra,Supramax,Coal,56500,58000,28.55,544.15,116.86,Winter,1.04,4250,14.76,1.64,2.31,84.4,28768,1.11,18.0,300,48,140,2.62,7.41,Increasing
2023-02-01,2023,2,Newcastle,Dhamra,Panamax,Coal,65500,72000,25.65,544.15,116.86,Winter,1.04,4250,14.76,1.64,2.31,84.4,28768,1.11,18.0,300,48,213,3.09,6.48,Increasing
2023-02-01,2023,2,Newcastle,Dhamra,Capesize,Coal,146000,160000,19.64,544.15,116.86,Winter,1.04,4250,13.62,1.64,2.31,84.4,28768,1.11,18.0,300,48,178,2.77,-0.56,Stable
2023-02-01,2023,2,Gladstone,Paradip,Handysize,Coal,37000,38000,34.49,544.15,116.86,Winter,1.04,4800,16.67,2.55,2.56,77.4,26302,1.4,14.5,290,45,170,3.04,10.37,Increasing
2023-02-01,2023,2,Gladstone,Paradip,Supramax,Coal,55500,58000,28.45,544.15,116.86,Winter,1.04,4800,16.67,2.55,2.56,77.4,26302,1.4,14.5,290,45,162,2.48,4.75,Increasing
2023-02-01,2023,2,Gladstone,Paradip,Panamax,Coal,69500,72000,25.1,544.15,116.86,Winter,1.04,4800,16.67,2.55,2.56,77.4,26302,1.4,14.5,290,45,280,2.94,6.81,Increasing
2023-02-01,2023,2,Gladstone,Paradip,Capesize,Coal,149500,160000,20.71,544.15,116.86,Winter,1.04,4800,15.38,2.55,2.56,77.4,26302,1.4,14.5,290,45,136,3.37,3.19,Increasing
2023-02-01,2023,2,Richards Bay,Paradip,Handysize,Coal,37000,38000,35.31,544.15,116.86,Winter,1.04,6900,23.96,1.3,2.25,82.6,27690,1.13,14.5,290,45,67,2.77,1.38,Stable
2023-02-01,2023,2,Richards Bay,Paradip,Supramax,Coal,55000,58000,30.38,544.15,116.86,Winter,1.04,6900,23.96,1.3,2.25,82.6,27690,1.13,14.5,290,45,177,2.23,4.15,Increasing
2023-02-01,2023,2,Richards Bay,Paradip,Panamax,Coal,70000,72000,28.79,544.15,116.86,Winter,1.04,6900,23.96,1.3,2.25,82.6,27690,1.13,14.5,290,45,202,2.57,10.35,Increasing
2023-02-01,2023,2,Richards Bay,Paradip,Capesize,Coal,159000,160000,22.44,544.15,116.86,Winter,1.04,6900,22.12,1.3,2.25,82.6,27690,1.13,14.5,290,45,65,2.6,-0.62,Stable
2023-02-01,2023,2,Indonesia,Paradip,Handysize,Coal,33500,38000,28.46,544.15,116.86,Winter,1.04,3000,10.42,3.81,3.59,66.5,25386,0.78,14.5,290,45,435,4.32,3.53,Increasing
2023-02-01,2023,2,Indonesia,Paradip,Supramax,Coal,53000,58000,22.85,544.15,116.86,Winter,1.04,3000,10.42,3.81,3.59,66.5,25386,0.78,14.5,290,45,270,4.55,2.97,Increasing
2023-02-01,2023,2,Indonesia,Paradip,Panamax,Coal,68500,72000,21.75,544.15,116.86,Winter,1.04,3000,10.42,3.81,3.59,66.5,25386,0.78,14.5,290,45,202,4.0,14.05,Increasing
2023-02-01,2023,2,Indonesia,Paradip,Capesize,Coal,154500,160000,18.39,544.15,116.86,Winter,1.04,3000,9.62,3.81,3.59,66.5,25386,0.78,14.5,290,45,126,4.67,8.82,Increasing
2023-02-01,2023,2,Brazil,Dhamra,Handysize,Iron Ore,35500,38000,42.88,544.15,116.86,Winter,1.04,11000,38.19,2.98,3.72,68.7,26318,0.5,18.0,300,48,216,4.2,5.96,Increasing
2023-02-01,2023,2,Brazil,Dhamra,Supramax,Iron Ore,52500,58000,36.81,544.15,116.86,Winter,1.04,11000,38.19,2.98,3.72,68.7,26318,0.5,18.0,300,48,82,4.67,6.05,Increasing
2023-02-01,2023,2,Brazil,Dhamra,Panamax,Iron Ore,67000,72000,33.56,544.15,116.86,Winter,1.04,11000,38.19,2.98,3.72,68.7,26318,0.5,18.0,300,48,214,4.23,11.09,Increasing
2023-02-01,2023,2,Brazil,Dhamra,Capesize,Iron Ore,150000,160000,25.76,544.15,116.86,Winter,1.04,11000,35.26,2.98,3.72,68.7,26318,0.5,18.0,300,48,194,4.28,0.27,Stable
2023-03-01,2023,3,Newcastle,Paradip,Handysize,Coal,32500,38000,30.54,576.37,117.56,Spring,1.0693,4200,14.58,1.13,1.82,84.1,27464,0.5,14.5,290,45,103,2.51,0.3,Stable
2023-03-01,2023,3,Newcastle,Paradip,Supramax,Coal,53500,58000,27.36,576.37,117.56,Spring,1.0693,4200,14.58,1.13,1.82,84.1,27464,0.5,14.5,290,45,192,2.06,-0.04,Stable
2023-03-01,2023,3,Newcastle,Paradip,Panamax,Coal,67500,72000,23.63,576.37,117.56,Spring,1.0693,4200,14.58,1.13,1.82,84.1,27464,0.5,14.5,290,45,276,2.48,1.16,Stable
2023-03-01,2023,3,Newcastle,Paradip,Capesize,Coal,142500,160000,18.89,576.37,117.56,Spring,1.0693,4200,13.46,1.13,1.82,84.1,27464,0.5,14.5,290,45,137,1.78,-6.62,Decreasing
2023-03-01,2023,3,Newcastle,Dhamra,Handysize,Coal,36500,38000,34.0,576.37,117.56,Spring,1.0693,4250,14.76,2.58,2.64,78.4,27055,1.88,18.0,300,48,114,2.9,6.62,Increasing
2023-03-01,2023,3,Newcastle,Dhamra,Supramax,Coal,54500,58000,29.36,576.37,117.56,Spring,1.0693,4250,14.76,2.58,2.64,78.4,27055,1.88,18.0,300,48,171,2.71,2.84,Increasing
2023-03-01,2023,3,Newcastle,Dhamra,Panamax,Coal,66000,72000,25.88,576.37,117.56,Spring,1.0693,4250,14.76,2.58,2.64,78.4,27055,1.88,18.0,300,48,153,3.59,0.9,Stable
2023-03-01,2023,3,Newcastle,Dhamra,Capesize,Coal,143500,160000,21.3,576.37,117.56,Spring,1.0693,4250,13.62,2.58,2.64,78.4,27055,1.88,18.0,300,48,279,3.67,8.45,Increasing
2023-03-01,2023,3,Gladstone,Paradip,Handysize,Coal,35500,38000,32.48,576.37,117.56,Spring,1.0693,4800,16.67,2.08,2.64,79.9,27438,1.08,14.5,290,45,214,3.04,-5.83,Decreasing
2023-03-01,2023,3,Gladstone,Paradip,Supramax,Coal,54000,58000,31.25,576.37,117.56,Spring,1.0693,4800,16.67,2.08,2.64,79.9,27438,1.08,14.5,290,45,106,2.91,9.84,Increasing
2023-03-01,2023,3,Gladstone,Paradip,Panamax,Coal,72000,72000,26.17,576.37,117.56,Spring,1.0693,4800,16.67,2.08,2.64,79.9,27438,1.08,14.5,290,45,115,2.98,4.26,Increasing
2023-03-01,2023,3,Gladstone,Paradip,Capesize,Coal,154500,160000,21.7,576.37,117.56,Spring,1.0693,4800,15.38,2.08,2.64,79.9,27438,1.08,14.5,290,45,56,2.88,4.78,Increasing
2023-03-01,2023,3,Richards Bay,Paradip,Handysize,Coal,36500,38000,37.51,576.37,117.56,Spring,1.0693,6900,23.96,1.97,2.34,81.3,26398,1.01,14.5,290,45,270,2.81,6.23,Increasing
2023-03-01,2023,3,Richards Bay,Paradip,Supramax,Coal,56500,58000,32.58,576.37,117.56,Spring,1.0693,6900,23.96,1.97,2.34,81.3,26398,1.01,14.5,290,45,267,2.83,7.24,Increasing
2023-03-01,2023,3,Richards Bay,Paradip,Panamax,Coal,67500,72000,30.75,576.37,117.56,Spring,1.0693,6900,23.96,1.97,2.34,81.3,26398,1.01,14.5,290,45,231,2.84,6.81,Increasing
2023-03-01,2023,3,Richards Bay,Paradip,Capesize,Coal,144500,160000,22.35,576.37,117.56,Spring,1.0693,6900,22.12,1.97,2.34,81.3,26398,1.01,14.5,290,45,183,2.73,-0.4,Stable
2023-03-01,2023,3,Indonesia,Paradip,Handysize,Coal,35000,38000,27.2,576.37,117.56,Spring,1.0693,3000,10.42,1.96,2.42,82.0,26847,1.59,14.5,290,45,128,2.67,-4.43,Decreasing
2023-03-01,2023,3,Indonesia,Paradip,Supramax,Coal,53500,58000,23.14,576.37,117.56,Spring,1.0693,3000,10.42,1.96,2.42,82.0,26847,1.59,14.5,290,45,149,2.63,1.27,Stable
2023-03-01,2023,3,Indonesia,Paradip,Panamax,Coal,61500,72000,23.29,576.37,117.56,Spring,1.0693,3000,10.42,1.96,2.42,82.0,26847,1.59,14.5,290,45,247,2.68,7.08,Increasing
2023-03-01,2023,3,Indonesia,Paradip,Capesize,Coal,150500,160000,16.68,576.37,117.56,Spring,1.0693,3000,9.62,1.96,2.42,82.0,26847,1.59,14.5,290,45,295,3.24,-9.3,Decreasing
2023-03-01,2023,3,Brazil,Dhamra,Handysize,Iron Ore,35000,38000,42.21,576.37,117.56,Spring,1.0693,11000,38.19,2.39,3.09,73.6,26848,0.89,18.0,300,48,142,3.49,-1.56,Stable
2023-03-01,2023,3,Brazil,Dhamra,Supramax,Iron Ore,54500,58000,36.77,576.37,117.56,Spring,1.0693,11000,38.19,2.39,3.09,73.6,26848,0.89,18.0,300,48,75,3.34,-0.11,Stable
2023-03-01,2023,3,Brazil,Dhamra,Panamax,Iron Ore,65000,72000,33.83,576.37,117.56,Spring,1.0693,11000,38.19,2.39,3.09,73.6,26848,0.89,18.0,300,48,0,3.8,0.8,Stable
2023-03-01,2023,3,Brazil,Dhamra,Capesize,Iron Ore,157500,160000,26.32,576.37,117.56,Spring,1.0693,11000,35.26,2.39,3.09,73.6,26848,0.89,18.0,300,48,0,3.43,2.17,Increasing
2023-04-01,2023,4,Newcastle,Paradip,Handysize,Coal,34500,38000,32.86,602.86,111.37,Spring,1.08,4200,14.58,2.64,3.18,70.9,26601,0.5,14.5,290,45,117,3.78,7.6,Increasing
2023-04-01,2023,4,Newcastle,Paradip,Supramax,Coal,58000,58000,28.71,602.86,111.37,Spring,1.08,4200,14.58,2.64,3.18,70.9,26601,0.5,14.5,290,45,156,3.61,4.93,Increasing
2023-04-01,2023,4,Newcastle,Paradip,Panamax,Coal,67000,72000,26.25,602.86,111.37,Spring,1.08,4200,14.58,2.64,3.18,70.9,26601,0.5,14.5,290,45,109,3.66,11.09,Increasing
2023-04-01,2023,4,Newcastle,Paradip,Capesize,Coal,150500,160000,20.05,602.86,111.37,Spring,1.08,4200,13.46,2.64,3.18,70.9,26601,0.5,14.5,290,45,50,3.73,6.14,Increasing
2023-04-01,2023,4,Newcastle,Dhamra,Handysize,Coal,37000,38000,31.77,602.86,111.37,Spring,1.08,4250,14.76,1.77,2.38,84.9,27267,0.69,18.0,300,48,194,2.81,-6.56,Decreasing
2023-04-01,2023,4,Newcastle,Dhamra,Supramax,Coal,53000,58000,28.89,602.86,111.37,Spring,1.08,4250,14.76,1.77,2.38,84.9,27267,0.69,18.0,300,48,262,2.14,-1.6,Stable
2023-04-01,2023,4,Newcastle,Dhamra,Panamax,Coal,69000,72000,23.88,602.86,111.37,Spring,1.08,4250,14.76,1.77,2.38,84.9,27267,0.69,18.0,300,48,82,3.1,-7.73,Decreasing
2023-04-01,2023,4,Newcastle,Dhamra,Capesize,Coal,147500,160000,19.79,602.86,111.37,Spring,1.08,4250,13.62,1.77,2.38,84.9,27267,0.69,18.0,300,48,144,3.21,-7.09,Decreasing
2023-04-01,2023,4,Gladstone,Paradip,Handysize,Coal,33500,38000,35.92,602.86,111.37,Spring,1.08,4800,16.67,0.79,1.01,94.3,28977,1.71,14.5,290,45,287,1.32,10.59,Increasing
2023-04-01,2023,4,Gladstone,Paradip,Supramax,Coal,53000,58000,29.58,602.86,111.37,Spring,1.08,4800,16.67,0.79,1.01,94.3,28977,1.71,14.5,290,45,147,1.23,-5.34,Decreasing
2023-04-01,2023,4,Gladstone,Paradip,Panamax,Coal,71000,72000,27.32,602.86,111.37,Spring,1.08,4800,16.67,0.79,1.01,94.3,28977,1.71,14.5,290,45,73,1.49,4.39,Increasing
2023-04-01,2023,4,Gladstone,Paradip,Capesize,Coal,152000,160000,21.86,602.86,111.37,Spring,1.08,4800,15.38,0.79,1.01,94.3,28977,1.71,14.5,290,45,277,0.87,0.74,Stable
2023-04-01,2023,4,Richards Bay,Paradip,Handysize,Coal,32500,38000,37.58,602.86,111.37,Spring,1.08,6900,23.96,1.78,2.03,82.6,29622,0.5,14.5,290,45,211,2.38,0.19,Stable
2023-04-01,2023,4,Richards Bay,Paradip,Supramax,Coal,54500,58000,31.47,602.86,111.37,Spring,1.08,6900,23.96,1.78,2.03,82.6,29622,0.5,14.5,290,45,178,2.16,-3.41,Decreasing
2023-04-01,2023,4,Richards Bay,Paradip,Panamax,Coal,63000,72000,30.11,602.86,111.37,Spring,1.08,6900,23.96,1.78,2.03,82.6,29622,0.5,14.5,290,45,236,2.36,-2.08,Decreasing
2023-04-01,2023,4,Richards Bay,Paradip,Capesize,Coal,151500,160000,24.21,602.86,111.37,Spring,1.08,6900,22.12,1.78,2.03,82.6,29622,0.5,14.5,290,45,177,2.57,8.32,Increasing
2023-04-01,2023,4,Indonesia,Paradip,Handysize,Coal,35500,38000,27.32,602.86,111.37,Spring,1.08,3000,10.42,1.64,2.55,83.4,27147,1.12,14.5,290,45,108,2.64,0.44,Stable
2023-04-01,2023,4,Indonesia,Paradip,Supramax,Coal,52500,58000,25.76,602.86,111.37,Spring,1.08,3000,10.42,1.64,2.55,83.4,27147,1.12,14.5,290,45,266,3.32,11.32,Increasing
2023-04-01,2023,4,Indonesia,Paradip,Panamax,Coal,65000,72000,21.86,602.86,111.37,Spring,1.08,3000,10.42,1.64,2.55,83.4,27147,1.12,14.5,290,45,56,2.67,-6.14,Decreasing
2023-04-01,2023,4,Indonesia,Paradip,Capesize,Coal,146000,160000,18.48,602.86,111.37,Spring,1.08,3000,9.62,1.64,2.55,83.4,27147,1.12,14.5,290,45,128,3.11,10.79,Increasing
2023-04-01,2023,4,Brazil,Dhamra,Handysize,Iron Ore,33500,38000,43.63,602.86,111.37,Spring,1.08,11000,38.19,2.13,3.32,82.1,28244,0.5,18.0,300,48,186,3.65,3.36,Increasing
2023-04-01,2023,4,Brazil,Dhamra,Supramax,Iron Ore,53000,58000,36.44,602.86,111.37,Spring,1.08,11000,38.19,2.13,3.32,82.1,28244,0.5,18.0,300,48,323,3.7,-0.9,Stable
2023-04-01,2023,4,Brazil,Dhamra,Panamax,Iron Ore,69500,72000,32.7,602.86,111.37,Spring,1.08,11000,38.19,2.13,3.32,82.1,28244,0.5,18.0,300,48,97,3.97,-3.34,Decreasing
2023-04-01,2023,4,Brazil,Dhamra,Capesize,Iron Ore,146500,160000,26.35,602.86,111.37,Spring,1.08,11000,35.26,2.13,3.32,82.1,28244,0.5,18.0,300,48,162,3.73,0.11,Stable
2023-05-01,2023,5,Newcastle,Paradip,Handysize,Coal,33000,38000,32.61,608.85,110.59,Spring,1.0693,4200,14.58,1.7,1.8,85.4,28581,1.26,14.5,290,45,1,2.12,-0.76,Stable
2023-05-01,2023,5,Newcastle,Paradip,Supramax,Coal,58000,58000,27.29,608.85,110.59,Spring,1.0693,4200,14.58,1.7,1.8,85.4,28581,1.26,14.5,290,45,93,2.3,-4.95,Decreasing
2023-05-01,2023,5,Newcastle,Paradip,Panamax,Coal,64500,72000,24.81,608.85,110.59,Spring,1.0693,4200,14.58,1.7,1.8,85.4,28581,1.26,14.5,290,45,207,1.95,-5.49,Decreasing
2023-05-01,2023,5,Newcastle,Paradip,Capesize,Coal,149500,160000,20.96,608.85,110.59,Spring,1.0693,4200,13.46,1.7,1.8,85.4,28581,1.26,14.5,290,45,193,2.18,4.54,Increasing
2023-05-01,2023,5,Newcastle,Dhamra,Handysize,Coal,34500,38000,32.29,608.85,110.59,Spring,1.0693,4250,14.76,1.11,1.78,88.2,28316,1.34,18.0,300,48,157,1.77,1.64,Stable
2023-05-01,2023,5,Newcastle,Dhamra,Supramax,Coal,52500,58000,28.75,608.85,110.59,Spring,1.0693,4250,14.76,1.11,1.78,88.2,28316,1.34,18.0,300,48,177,2.17,-0.48,Stable
2023-05-01,2023,5,Newcastle,Dhamra,Panamax,Coal,66500,72000,26.07,608.85,110.59,Spring,1.0693,4250,14.76,1.11,1.78,88.2,28316,1.34,18.0,300,48,204,2.09,9.17,Increasing
2023-05-01,2023,5,Newcastle,Dhamra,Capesize,Coal,146500,160000,20.84,608.85,110.59,Spring,1.0693,4250,13.62,1.11,1.78,88.2,28316,1.34,18.0,300,48,189,1.98,5.31,Increasing
2023-05-01,2023,5,Gladstone,Paradip,Handysize,Coal,35500,38000,34.55,608.85,110.59,Spring,1.0693,4800,16.67,0.2,0.93,93.5,29250,2.51,14.5,290,45,255,0.65,-3.81,Decreasing
2023-05-01,2023,5,Gladstone,Paradip,Supramax,Coal,56000,58000,30.08,608.85,110.59,Spring,1.0693,4800,16.67,0.2,0.93,93.5,29250,2.51,14.5,290,45,148,1.05,1.69,Stable
2023-05-01,2023,5,Gladstone,Paradip,Panamax,Coal,70000,72000,27.36,608.85,110.59,Spring,1.0693,4800,16.67,0.2,0.93,93.5,29250,2.51,14.5,290,45,68,1.17,0.15,Stable
2023-05-01,2023,5,Gladstone,Paradip,Capesize,Coal,150000,160000,21.48,608.85,110.59,Spring,1.0693,4800,15.38,0.2,0.93,93.5,29250,2.51,14.5,290,45,165,0.92,-1.74,Stable
2023-05-01,2023,5,Richards Bay,Paradip,Handysize,Coal,36500,38000,38.23,608.85,110.59,Spring,1.0693,6900,23.96,1.96,2.33,79.4,27779,0.84,14.5,290,45,91,3.31,1.73,Stable
2023-05-01,2023,5,Richards Bay,Paradip,Supramax,Coal,55000,58000,33.62,608.85,110.59,Spring,1.0693,6900,23.96,1.96,2.33,79.4,27779,0.84,14.5,290,45,147,2.82,6.83,Increasing
2023-05-01,2023,5,Richards Bay,Paradip,Panamax,Coal,69500,72000,30.38,608.85,110.59,Spring,1.0693,6900,23.96,1.96,2.33,79.4,27779,0.84,14.5,290,45,244,2.9,0.9,Stable
2023-05-01,2023,5,Richards Bay,Paradip,Capesize,Coal,149000,160000,23.29,608.85,110.59,Spring,1.0693,6900,22.12,1.96,2.33,79.4,27779,0.84,14.5,290,45,186,2.92,-3.8,Decreasing
2023-05-01,2023,5,Indonesia,Paradip,Handysize,Coal,35000,38000,28.29,608.85,110.59,Spring,1.0693,3000,10.42,1.18,2.07,84.3,28001,2.13,14.5,290,45,118,2.62,3.55,Increasing
2023-05-01,2023,5,Indonesia,Paradip,Supramax,Coal,55500,58000,24.34,608.85,110.59,Spring,1.0693,3000,10.42,1.18,2.07,84.3,28001,2.13,14.5,290,45,45,1.96,-5.51,Decreasing
2023-05-01,2023,5,Indonesia,Paradip,Panamax,Coal,68500,72000,20.37,608.85,110.59,Spring,1.0693,3000,10.42,1.18,2.07,84.3,28001,2.13,14.5,290,45,241,2.25,-6.82,Decreasing
2023-05-01,2023,5,Indonesia,Paradip,Capesize,Coal,160000,160000,19.49,608.85,110.59,Spring,1.0693,3000,9.62,1.18,2.07,84.3,28001,2.13,14.5,290,45,145,2.26,5.47,Increasing
2023-05-01,2023,5,Brazil,Dhamra,Handysize,Iron Ore,35500,38000,43.17,608.85,110.59,Spring,1.0693,11000,38.19,1.85,2.87,76.8,27347,0.58,18.0,300,48,245,2.9,-1.05,Stable
2023-05-01,2023,5,Brazil,Dhamra,Supramax,Iron Ore,50500,58000,37.6,608.85,110.59,Spring,1.0693,11000,38.19,1.85,2.87,76.8,27347,0.58,18.0,300,48,93,2.69,3.18,Increasing
2023-05-01,2023,5,Brazil,Dhamra,Panamax,Iron Ore,68000,72000,33.9,608.85,110.59,Spring,1.0693,11000,38.19,1.85,2.87,76.8,27347,0.58,18.0,300,48,150,3.08,3.67,Increasing
2023-05-01,2023,5,Brazil,Dhamra,Capesize,Iron Ore,151500,160000,26.46,608.85,110.59,Spring,1.0693,11000,35.26,1.85,2.87,76.8,27347,0.58,18.0,300,48,52,3.02,0.42,Stable
2023-06-01,2023,6,Newcastle,Paradip,Handysize,Coal,33000,38000,30.48,609.89,105.37,Summer,1.04,4200,14.58,0.39,0.97,93.4,30536,0.91,14.5,290,45,186,1.35,-6.53,Decreasing
2023-06-01,2023,6,Newcastle,Paradip,Supramax,Coal,53500,58000,26.17,609.89,105.37,Summer,1.04,4200,14.58,0.39,0.97,93.4,30536,0.91,14.5,290,45,2,1.06,-4.1,Decreasing
2023-06-01,2023,6,Newcastle,Paradip,Panamax,Coal,72000,72000,24.26,609.89,105.37,Summer,1.04,4200,14.58,0.39,0.97,93.4,30536,0.91,14.5,290,45,158,1.12,-2.22,Decreasing
2023-06-01,2023,6,Newcastle,Paradip,Capesize,Coal,150500,160000,18.68,609.89,105.37,Summer,1.04,4200,13.46,0.39,0.97,93.4,30536,0.91,14.5,290,45,225,1.09,-10.88,Decreasing
2023-06-01,2023,6,Newcastle,Dhamra,Handysize,Coal,36500,38000,31.84,609.89,105.37,Summer,1.04,4250,14.76,0.94,1.16,90.1,28481,2.65,18.0,300,48,97,1.14,-1.39,Stable
2023-06-01,2023,6,Newcastle,Dhamra,Supramax,Coal,51500,58000,28.22,609.89,105.37,Summer,1.04,4250,14.76,0.94,1.16,90.1,28481,2.65,18.0,300,48,13,1.02,-1.84,Stable
2023-06-01,2023,6,Newcastle,Dhamra,Panamax,Coal,63000,72000,25.07,609.89,105.37,Summer,1.04,4250,14.76,0.94,1.16,90.1,28481,2.65,18.0,300,48,147,1.25,-3.84,Decreasing
2023-06-01,2023,6,Newcastle,Dhamra,Capesize,Coal,145500,160000,19.36,609.89,105.37,Summer,1.04,4250,13.62,0.94,1.16,90.1,28481,2.65,18.0,300,48,197,1.19,-7.1,Decreasing
2023-06-01,2023,6,Gladstone,Paradip,Handysize,Coal,34500,38000,33.86,609.89,105.37,Summer,1.04,4800,16.67,1.11,1.33,90.4,29081,2.09,14.5,290,45,140,1.53,-2.0,Stable
2023-06-01,2023,6,Gladstone,Paradip,Supramax,Coal,54000,58000,28.98,609.89,105.37,Summer,1.04,4800,16.67,1.11,1.33,90.4,29081,2.09,14.5,290,45,176,1.28,-3.66,Decreasing
2023-06-01,2023,6,Gladstone,Paradip,Panamax,Coal,65500,72000,25.21,609.89,105.37,Summer,1.04,4800,16.67,1.11,1.33,90.4,29081,2.09,14.5,290,45,31,1.23,-7.86,Decreasing
2023-06-01,2023,6,Gladstone,Paradip,Capesize,Coal,151000,160000,20.45,609.89,105.37,Summer,1.04,4800,15.38,1.11,1.33,90.4,29081,2.09,14.5,290,45,201,1.54,-4.8,Decreasing
2023-06-01,2023,6,Richards Bay,Paradip,Handysize,Coal,34000,38000,36.34,609.89,105.37,Summer,1.04,6900,23.96,0.2,1.1,91.9,30054,2.41,14.5,290,45,58,0.69,-4.94,Decreasing
2023-06-01,2023,6,Richards Bay,Paradip,Supramax,Coal,54000,58000,31.2,609.89,105.37,Summer,1.04,6900,23.96,0.2,1.1,91.9,30054,2.41,14.5,290,45,128,0.84,-7.2,Decreasing
2023-06-01,2023,6,Richards Bay,Paradip,Panamax,Coal,67000,72000,28.38,609.89,105.37,Summer,1.04,6900,23.96,0.2,1.1,91.9,30054,2.41,14.5,290,45,156,1.18,-6.58,Decreasing
2023-06-01,2023,6,Richards Bay,Paradip,Capesize,Coal,147000,160000,23.46,609.89,105.37,Summer,1.04,6900,22.12,0.2,1.1,91.9,30054,2.41,14.5,290,45,65,1.26,0.73,Stable
2023-06-01,2023,6,Indonesia,Paradip,Handysize,Coal,33000,38000,26.69,609.89,105.37,Summer,1.04,3000,10.42,1.58,2.21,82.0,28824,1.9,14.5,290,45,128,2.81,-5.66,Decreasing
2023-06-01,2023,6,Indonesia,Paradip,Supramax,Coal,55000,58000,23.05,609.89,105.37,Summer,1.04,3000,10.42,1.58,2.21,82.0,28824,1.9,14.5,290,45,135,2.35,-5.3,Decreasing
2023-06-01,2023,6,Indonesia,Paradip,Panamax,Coal,66000,72000,22.23,609.89,105.37,Summer,1.04,3000,10.42,1.58,2.21,82.0,28824,1.9,14.5,290,45,50,2.9,9.13,Increasing
2023-06-01,2023,6,Indonesia,Paradip,Capesize,Coal,154500,160000,18.21,609.89,105.37,Summer,1.04,3000,9.62,1.58,2.21,82.0,28824,1.9,14.5,290,45,122,2.46,-6.57,Decreasing
2023-06-01,2023,6,Brazil,Dhamra,Handysize,Iron Ore,34500,38000,41.09,609.89,105.37,Summer,1.04,11000,38.19,0.2,0.69,97.6,28985,2.25,18.0,300,48,48,0.87,-4.82,Decreasing
2023-06-01,2023,6,Brazil,Dhamra,Supramax,Iron Ore,53500,58000,35.37,609.89,105.37,Summer,1.04,11000,38.19,0.2,0.69,97.6,28985,2.25,18.0,300,48,123,0.53,-5.93,Decreasing
2023-06-01,2023,6,Brazil,Dhamra,Panamax,Iron Ore,67500,72000,31.8,609.89,105.37,Summer,1.04,11000,38.19,0.2,0.69,97.6,28985,2.25,18.0,300,48,130,0.54,-6.19,Decreasing
2023-06-01,2023,6,Brazil,Dhamra,Capesize,Iron Ore,153500,160000,26.81,609.89,105.37,Summer,1.04,11000,35.26,0.2,0.69,97.6,28985,2.25,18.0,300,48,171,0.97,1.32,Stable
2023-07-01,2023,7,Newcastle,Paradip,Handysize,Coal,33000,38000,29.41,566.82,101.21,Summer,1.0,4200,14.58,0.2,0.61,96.8,29930,3.2,14.5,290,45,184,0.69,-3.51,Decreasing
2023-07-01,2023,7,Newcastle,Paradip,Supramax,Coal,51500,58000,24.85,566.82,101.21,Summer,1.0,4200,14.58,0.2,0.61,96.8,29930,3.2,14.5,290,45,154,0.78,-5.04,Decreasing
2023-07-01,2023,7,Newcastle,Paradip,Panamax,Coal,63000,72000,22.87,566.82,101.21,Summer,1.0,4200,14.58,0.2,0.61,96.8,29930,3.2,14.5,290,45,171,0.86,-5.73,Decreasing
2023-07-01,2023,7,Newcastle,Paradip,Capesize,Coal,153500,160000,18.88,566.82,101.21,Summer,1.0,4200,13.46,0.2,0.61,96.8,29930,3.2,14.5,290,45,96,0.2,1.07,Stable
2023-07-01,2023,7,Newcastle,Dhamra,Handysize,Coal,35500,38000,30.14,566.82,101.21,Summer,1.0,4250,14.76,0.58,1.55,93.1,29600,3.3,18.0,300,48,149,2.07,-5.34,Decreasing
2023-07-01,2023,7,Newcastle,Dhamra,Supramax,Coal,53000,58000,27.61,566.82,101.21,Summer,1.0,4250,14.76,0.58,1.55,93.1,29600,3.3,18.0,300,48,134,1.98,-2.16,Decreasing
2023-07-01,2023,7,Newcastle,Dhamra,Panamax,Coal,64500,72000,24.24,566.82,101.21,Summer,1.0,4250,14.76,0.58,1.55,93.1,29600,3.3,18.0,300,48,101,1.3,-3.31,Decreasing
2023-07-01,2023,7,Newcastle,Dhamra,Capesize,Coal,151500,160000,19.87,566.82,101.21,Summer,1.0,4250,13.62,0.58,1.55,93.1,29600,3.3,18.0,300,48,92,1.28,2.63,Increasing
2023-07-01,2023,7,Gladstone,Paradip,Handysize,Coal,37500,38000,32.14,566.82,101.21,Summer,1.0,4800,16.67,0.75,1.31,92.4,29059,2.87,14.5,290,45,132,1.04,-5.08,Decreasing
2023-07-01,2023,7,Gladstone,Paradip,Supramax,Coal,54000,58000,27.36,566.82,101.21,Summer,1.0,4800,16.67,0.75,1.31,92.4,29059,2.87,14.5,290,45,236,1.56,-5.59,Decreasing
2023-07-01,2023,7,Gladstone,Paradip,Panamax,Coal,65000,72000,25.01,566.82,101.21,Summer,1.0,4800,16.67,0.75,1.31,92.4,29059,2.87,14.5,290,45,213,1.82,-0.79,Stable
2023-07-01,2023,7,Gladstone,Paradip,Capesize,Coal,154500,160000,20.55,566.82,101.21,Summer,1.0,4800,15.38,0.75,1.31,92.4,29059,2.87,14.5,290,45,164,1.54,0.49,Stable
2023-07-01,2023,7,Richards Bay,Paradip,Handysize,Coal,36500,38000,34.55,566.82,101.21,Summer,1.0,6900,23.96,1.49,1.5,82.2,28481,2.43,14.5,290,45,0,1.66,-4.93,Decreasing
2023-07-01,2023,7,Richards Bay,Paradip,Supramax,Coal,56000,58000,30.64,566.82,101.21,Summer,1.0,6900,23.96,1.49,1.5,82.2,28481,2.43,14.5,290,45,194,1.7,-1.79,Stable
2023-07-01,2023,7,Richards Bay,Paradip,Panamax,Coal,65000,72000,27.65,566.82,101.21,Summer,1.0,6900,23.96,1.49,1.5,82.2,28481,2.43,14.5,290,45,93,2.31,-2.57,Decreasing
2023-07-01,2023,7,Richards Bay,Paradip,Capesize,Coal,153000,160000,21.47,566.82,101.21,Summer,1.0,6900,22.12,1.49,1.5,82.2,28481,2.43,14.5,290,45,111,1.74,-8.48,Decreasing
2023-07-01,2023,7,Indonesia,Paradip,Handysize,Coal,35000,38000,26.33,566.82,101.21,Summer,1.0,3000,10.42,0.67,1.66,88.8,30521,2.69,14.5,290,45,111,1.87,-1.35,Stable
2023-07-01,2023,7,Indonesia,Paradip,Supramax,Coal,55000,58000,20.86,566.82,101.21,Summer,1.0,3000,10.42,0.67,1.66,88.8,30521,2.69,14.5,290,45,321,2.1,-9.5,Decreasing
2023-07-01,2023,7,Indonesia,Paradip,Panamax,Coal,67000,72000,19.27,566.82,101.21,Summer,1.0,3000,10.42,0.67,1.66,88.8,30521,2.69,14.5,290,45,187,1.8,-13.32,Decreasing
2023-07-01,2023,7,Indonesia,Paradip,Capesize,Coal,152000,160000,16.33,566.82,101.21,Summer,1.0,3000,9.62,0.67,1.66,88.8,30521,2.69,14.5,290,45,200,2.14,-10.32,Decreasing
2023-07-01,2023,7,Brazil,Dhamra,Handysize,Iron Ore,33500,38000,39.9,566.82,101.21,Summer,1.0,11000,38.19,1.11,1.28,91.2,30871,3.28,18.0,300,48,0,1.62,-2.9,Decreasing
2023-07-01,2023,7,Brazil,Dhamra,Supramax,Iron Ore,53500,58000,35.72,566.82,101.21,Summer,1.0,11000,38.19,1.11,1.28,91.2,30871,3.28,18.0,300,48,98,1.06,0.99,Stable
2023-07-01,2023,7,Brazil,Dhamra,Panamax,Iron Ore,66500,72000,29.39,566.82,101.21,Summer,1.0,11000,38.19,1.11,1.28,91.2,30871,3.28,18.0,300,48,220,0.96,-7.58,Decreasing
2023-07-01,2023,7,Brazil,Dhamra,Capesize,Iron Ore,152000,160000,23.2,566.82,101.21,Summer,1.0,11000,35.26,1.11,1.28,91.2,30871,3.28,18.0,300,48,134,1.89,-13.47,Decreasing
2023-08-01,2023,8,Newcastle,Paradip,Handysize,Coal,34000,38000,28.25,560.33,96.81,Summer,0.96,4200,14.58,0.94,1.67,89.9,26974,2.36,14.5,290,45,210,1.84,-3.94,Decreasing
2023-08-01,2023,8,Newcastle,Paradip,Supramax,Coal,52000,58000,24.0,560.33,96.81,Summer,0.96,4200,14.58,0.94,1.67,89.9,26974,2.36,14.5,290,45,175,1.82,-3.42,Decreasing
2023-08-01,2023,8,Newcastle,Paradip,Panamax,Coal,66500,72000,21.96,560.33,96.81,Summer,0.96,4200,14.58,0.94,1.67,89.9,26974,2.36,14.5,290,45,215,1.71,-3.98,Decreasing
2023-08-01,2023,8,Newcastle,Paradip,Capesize,Coal,150000,160000,19.58,560.33,96.81,Summer,0.96,4200,13.46,0.94,1.67,89.9,26974,2.36,14.5,290,45,46,1.37,3.71,Increasing
2023-08-01,2023,8,Newcastle,Dhamra,Handysize,Coal,37000,38000,30.25,560.33,96.81,Summer,0.96,4250,14.76,1.36,1.62,83.1,28180,2.88,18.0,300,48,228,1.51,0.36,Stable
2023-08-01,2023,8,Newcastle,Dhamra,Supramax,Coal,52500,58000,23.52,560.33,96.81,Summer,0.96,4250,14.76,1.36,1.62,83.1,28180,2.88,18.0,300,48,95,2.11,-14.81,Decreasing
2023-08-01,2023,8,Newcastle,Dhamra,Panamax,Coal,69000,72000,22.99,560.33,96.81,Summer,0.96,4250,14.76,1.36,1.62,83.1,28180,2.88,18.0,300,48,158,1.7,-5.16,Decreasing
2023-08-01,2023,8,Newcastle,Dhamra,Capesize,Coal,151500,160000,19.24,560.33,96.81,Summer,0.96,4250,13.62,1.36,1.62,83.1,28180,2.88,18.0,300,48,30,1.94,-3.17,Decreasing
2023-08-01,2023,8,Gladstone,Paradip,Handysize,Coal,35500,38000,30.53,560.33,96.81,Summer,0.96,4800,16.67,1.45,1.78,91.5,28191,3.39,14.5,290,45,174,2.16,-5.01,Decreasing
2023-08-01,2023,8,Gladstone,Paradip,Supramax,Coal,55000,58000,26.13,560.33,96.81,Summer,0.96,4800,16.67,1.45,1.78,91.5,28191,3.39,14.5,290,45,176,2.41,-4.5,Decreasing
2023-08-01,2023,8,Gladstone,Paradip,Panamax,Coal,68500,72000,25.0,560.33,96.81,Summer,0.96,4800,16.67,1.45,1.78,91.5,28191,3.39,14.5,290,45,141,2.23,-0.04,Stable
2023-08-01,2023,8,Gladstone,Paradip,Capesize,Coal,151500,160000,18.86,560.33,96.81,Summer,0.96,4800,15.38,1.45,1.78,91.5,28191,3.39,14.5,290,45,185,1.8,-8.22,Decreasing
2023-08-01,2023,8,Richards Bay,Paradip,Handysize,Coal,35500,38000,32.89,560.33,96.81,Summer,0.96,6900,23.96,0.59,1.26,88.3,30035,3.19,14.5,290,45,36,1.33,-4.8,Decreasing
2023-08-01,2023,8,Richards Bay,Paradip,Supramax,Coal,53500,58000,28.94,560.33,96.81,Summer,0.96,6900,23.96,0.59,1.26,88.3,30035,3.19,14.5,290,45,130,0.87,-5.55,Decreasing
2023-08-01,2023,8,Richards Bay,Paradip,Panamax,Coal,67000,72000,25.77,560.33,96.81,Summer,0.96,6900,23.96,0.59,1.26,88.3,30035,3.19,14.5,290,45,210,1.2,-6.8,Decreasing
2023-08-01,2023,8,Richards Bay,Paradip,Capesize,Coal,158500,160000,19.42,560.33,96.81,Summer,0.96,6900,22.12,0.59,1.26,88.3,30035,3.19,14.5,290,45,264,1.31,-9.55,Decreasing
2023-08-01,2023,8,Indonesia,Paradip,Handysize,Coal,37000,38000,25.09,560.33,96.81,Summer,0.96,3000,10.42,1.41,1.92,83.8,27543,3.61,14.5,290,45,177,2.49,-4.71,Decreasing
2023-08-01,2023,8,Indonesia,Paradip,Supramax,Coal,52500,58000,22.29,560.33,96.81,Summer,0.96,3000,10.42,1.41,1.92,83.8,27543,3.61,14.5,290,45,112,2.14,6.86,Increasing
2023-08-01,2023,8,Indonesia,Paradip,Panamax,Coal,68000,72000,18.63,560.33,96.81,Summer,0.96,3000,10.42,1.41,1.92,83.8,27543,3.61,14.5,290,45,97,2.51,-3.32,Decreasing
2023-08-01,2023,8,Indonesia,Paradip,Capesize,Coal,154500,160000,15.95,560.33,96.81,Summer,0.96,3000,9.62,1.41,1.92,83.8,27543,3.61,14.5,290,45,179,2.1,-2.33,Decreasing
2023-08-01,2023,8,Brazil,Dhamra,Handysize,Iron Ore,37000,38000,37.25,560.33,96.81,Summer,0.96,11000,38.19,1.68,2.06,85.4,27440,3.16,18.0,300,48,290,2.27,-6.64,Decreasing
2023-08-01,2023,8,Brazil,Dhamra,Supramax,Iron Ore,54000,58000,31.76,560.33,96.81,Summer,0.96,11000,38.19,1.68,2.06,85.4,27440,3.16,18.0,300,48,123,2.1,-11.09,Decreasing
2023-08-01,2023,8,Brazil,Dhamra,Panamax,Iron Ore,66500,72000,29.81,560.33,96.81,Summer,0.96,11000,38.19,1.68,2.06,85.4,27440,3.16,18.0,300,48,236,2.41,1.43,Stable
2023-08-01,2023,8,Brazil,Dhamra,Capesize,Iron Ore,153000,160000,23.22,560.33,96.81,Summer,0.96,11000,35.26,1.68,2.06,85.4,27440,3.16,18.0,300,48,89,2.81,0.09,Stable
2023-09-01,2023,9,Newcastle,Paradip,Handysize,Coal,35000,38000,28.23,519.68,105.71,Autumn,0.9307,4200,14.58,1.3,2.18,85.3,28167,3.84,14.5,290,45,231,2.42,-0.07,Stable
2023-09-01,2023,9,Newcastle,Paradip,Supramax,Coal,55500,58000,25.47,519.68,105.71,Autumn,0.9307,4200,14.58,1.3,2.18,85.3,28167,3.84,14.5,290,45,190,2.49,6.13,Increasing
2023-09-01,2023,9,Newcastle,Paradip,Panamax,Coal,64500,72000,19.94,519.68,105.71,Autumn,0.9307,4200,14.58,1.3,2.18,85.3,28167,3.84,14.5,290,45,191,2.39,-9.2,Decreasing
2023-09-01,2023,9,Newcastle,Paradip,Capesize,Coal,148000,160000,17.89,519.68,105.71,Autumn,0.9307,4200,13.46,1.3,2.18,85.3,28167,3.84,14.5,290,45,155,2.7,-8.63,Decreasing
2023-09-01,2023,9,Newcastle,Dhamra,Handysize,Coal,34500,38000,28.27,519.68,105.71,Autumn,0.9307,4250,14.76,1.35,1.58,84.7,28752,3.7,18.0,300,48,166,1.83,-6.55,Decreasing
2023-09-01,2023,9,Newcastle,Dhamra,Supramax,Coal,55500,58000,24.71,519.68,105.71,Autumn,0.9307,4250,14.76,1.35,1.58,84.7,28752,3.7,18.0,300,48,13,1.72,5.06,Increasing
2023-09-01,2023,9,Newcastle,Dhamra,Panamax,Coal,69500,72000,22.29,519.68,105.71,Autumn,0.9307,4250,14.76,1.35,1.58,84.7,28752,3.7,18.0,300,48,140,2.07,-3.04,Decreasing
2023-09-01,2023,9,Newcastle,Dhamra,Capesize,Coal,147000,160000,17.03,519.68,105.71,Autumn,0.9307,4250,13.62,1.35,1.58,84.7,28752,3.7,18.0,300,48,147,1.71,-11.49,Decreasing
2023-09-01,2023,9,Gladstone,Paradip,Handysize,Coal,37500,38000,29.56,519.68,105.71,Autumn,0.9307,4800,16.67,0.77,1.29,89.8,29293,3.45,14.5,290,45,182,1.3,-3.18,Decreasing
2023-09-01,2023,9,Gladstone,Paradip,Supramax,Coal,53000,58000,25.34,519.68,105.71,Autumn,0.9307,4800,16.67,0.77,1.29,89.8,29293,3.45,14.5,290,45,121,1.52,-3.02,Decreasing
2023-09-01,2023,9,Gladstone,Paradip,Panamax,Coal,72000,72000,22.72,519.68,105.71,Autumn,0.9307,4800,16.67,0.77,1.29,89.8,29293,3.45,14.5,290,45,126,1.41,-9.12,Decreasing
2023-09-01,2023,9,Gladstone,Paradip,Capesize,Coal,152500,160000,18.92,519.68,105.71,Autumn,0.9307,4800,15.38,0.77,1.29,89.8,29293,3.45,14.5,290,45,262,0.82,0.32,Stable
2023-09-01,2023,9,Richards Bay,Paradip,Handysize,Coal,35500,38000,32.42,519.68,105.71,Autumn,0.9307,6900,23.96,0.2,0.7,90.5,27655,3.75,14.5,290,45,72,0.49,-1.43,Stable
2023-09-01,2023,9,Richards Bay,Paradip,Supramax,Coal,53000,58000,27.92,519.68,105.71,Autumn,0.9307,6900,23.96,0.2,0.7,90.5,27655,3.75,14.5,290,45,109,0.86,-3.52,Decreasing
2023-09-01,2023,9,Richards Bay,Paradip,Panamax,Coal,61500,72000,24.44,519.68,105.71,Autumn,0.9307,6900,23.96,0.2,0.7,90.5,27655,3.75,14.5,290,45,69,0.67,-5.16,Decreasing
2023-09-01,2023,9,Richards Bay,Paradip,Capesize,Coal,148000,160000,20.72,519.68,105.71,Autumn,0.9307,6900,22.12,0.2,0.7,90.5,27655,3.75,14.5,290,45,11,0.74,6.69,Increasing
2023-09-01,2023,9,Indonesia,Paradip,Handysize,Coal,32000,38000,24.97,519.68,105.71,Autumn,0.9307,3000,10.42,1.61,2.72,84.0,26809,2.96,14.5,290,45,159,3.3,-0.48,Stable
2023-09-01,2023,9,Indonesia,Paradip,Supramax,Coal,52000,58000,21.52,519.68,105.71,Autumn,0.9307,3000,10.42,1.61,2.72,84.0,26809,2.96,14.5,290,45,309,3.11,-3.45,Decreasing
2023-09-01,2023,9,Indonesia,Paradip,Panamax,Coal,68500,72000,19.13,519.68,105.71,Autumn,0.9307,3000,10.42,1.61,2.72,84.0,26809,2.96,14.5,290,45,34,3.34,2.68,Increasing
2023-09-01,2023,9,Indonesia,Paradip,Capesize,Coal,147500,160000,15.88,519.68,105.71,Autumn,0.9307,3000,9.62,1.61,2.72,84.0,26809,2.96,14.5,290,45,34,2.71,-0.44,Stable
2023-09-01,2023,9,Brazil,Dhamra,Handysize,Iron Ore,36000,38000,36.97,519.68,105.71,Autumn,0.9307,11000,38.19,2.09,2.35,79.1,26204,3.93,18.0,300,48,215,2.74,-0.75,Stable
2023-09-01,2023,9,Brazil,Dhamra,Supramax,Iron Ore,52000,58000,32.5,519.68,105.71,Autumn,0.9307,11000,38.19,2.09,2.35,79.1,26204,3.93,18.0,300,48,335,2.85,2.33,Increasing
2023-09-01,2023,9,Brazil,Dhamra,Panamax,Iron Ore,67500,72000,30.03,519.68,105.71,Autumn,0.9307,11000,38.19,2.09,2.35,79.1,26204,3.93,18.0,300,48,176,2.78,0.74,Stable
2023-09-01,2023,9,Brazil,Dhamra,Capesize,Iron Ore,147500,160000,23.73,519.68,105.71,Autumn,0.9307,11000,35.26,2.09,2.35,79.1,26204,3.93,18.0,300,48,242,2.52,2.2,Increasing
2023-10-01,2023,10,Newcastle,Paradip,Handysize,Coal,35500,38000,27.91,525.46,104.12,Autumn,0.92,4200,14.58,2.35,2.6,76.5,27140,3.42,14.5,290,45,0,2.74,-1.13,Stable
2023-10-01,2023,10,Newcastle,Paradip,Supramax,Coal,56000,58000,23.89,525.46,104.12,Autumn,0.92,4200,14.58,2.35,2.6,76.5,27140,3.42,14.5,290,45,118,2.68,-6.2,Decreasing
2023-10-01,2023,10,Newcastle,Paradip,Panamax,Coal,65500,72000,20.17,525.46,104.12,Autumn,0.92,4200,14.58,2.35,2.6,76.5,27140,3.42,14.5,290,45,151,2.87,1.15,Stable
2023-10-01,2023,10,Newcastle,Paradip,Capesize,Coal,146000,160000,17.47,525.46,104.12,Autumn,0.92,4200,13.46,2.35,2.6,76.5,27140,3.42,14.5,290,45,189,3.54,-2.35,Decreasing
2023-10-01,2023,10,Newcastle,Dhamra,Handysize,Coal,34500,38000,28.09,525.46,104.12,Autumn,0.92,4250,14.76,0.97,1.93,86.3,28980,3.53,18.0,300,48,280,2.25,-0.64,Stable
2023-10-01,2023,10,Newcastle,Dhamra,Supramax,Coal,55500,58000,23.82,525.46,104.12,Autumn,0.92,4250,14.76,0.97,1.93,86.3,28980,3.53,18.0,300,48,41,2.05,-3.6,Decreasing
2023-10-01,2023,10,Newcastle,Dhamra,Panamax,Coal,70500,72000,20.62,525.46,104.12,Autumn,0.92,4250,14.76,0.97,1.93,86.3,28980,3.53,18.0,300,48,75,2.13,-7.49,Decreasing
2023-10-01,2023,10,Newcastle,Dhamra,Capesize,Coal,145500,160000,16.89,525.46,104.12,Autumn,0.92,4250,13.62,0.97,1.93,86.3,28980,3.53,18.0,300,48,126,1.76,-0.82,Stable
2023-10-01,2023,10,Gladstone,Paradip,Handysize,Coal,36000,38000,29.06,525.46,104.12,Autumn,0.92,4800,16.67,1.26,2.02,81.9,28042,2.39,14.5,290,45,122,2.26,-1.69,Stable
2023-10-01,2023,10,Gladstone,Paradip,Supramax,Coal,51500,58000,25.59,525.46,104.12,Autumn,0.92,4800,16.67,1.26,2.02,81.9,28042,2.39,14.5,290,45,190,2.15,0.99,Stable
2023-10-01,2023,10,Gladstone,Paradip,Panamax,Coal,70000,72000,21.88,525.46,104.12,Autumn,0.92,4800,16.67,1.26,2.02,81.9,28042,2.39,14.5,290,45,250,2.29,-3.7,Decreasing
2023-10-01,2023,10,Gladstone,Paradip,Capesize,Coal,149000,160000,18.22,525.46,104.12,Autumn,0.92,4800,15.38,1.26,2.02,81.9,28042,2.39,14.5,290,45,151,2.55,-3.7,Decreasing
2023-10-01,2023,10,Richards Bay,Paradip,Handysize,Coal,37000,38000,31.61,525.46,104.12,Autumn,0.92,6900,23.96,1.21,1.46,84.8,29181,3.56,14.5,290,45,214,1.39,-2.5,Decreasing
2023-10-01,2023,10,Richards Bay,Paradip,Supramax,Coal,56000,58000,27.7,525.46,104.12,Autumn,0.92,6900,23.96,1.21,1.46,84.8,29181,3.56,14.5,290,45,197,1.52,-0.79,Stable
2023-10-01,2023,10,Richards Bay,Paradip,Panamax,Coal,64000,72000,25.2,525.46,104.12,Autumn,0.92,6900,23.96,1.21,1.46,84.8,29181,3.56,14.5,290,45,0,1.6,3.11,Increasing
2023-10-01,2023,10,Richards Bay,Paradip,Capesize,Coal,155000,160000,20.07,525.46,104.12,Autumn,0.92,6900,22.12,1.21,1.46,84.8,29181,3.56,14.5,290,45,315,1.93,-3.14,Decreasing
2023-10-01,2023,10,Indonesia,Paradip,Handysize,Coal,34000,38000,22.16,525.46,104.12,Autumn,0.92,3000,10.42,1.44,1.93,80.5,27613,3.02,14.5,290,45,163,2.13,-11.25,Decreasing
2023-10-01,2023,10,Indonesia,Paradip,Supramax,Coal,51500,58000,20.81,525.46,104.12,Autumn,0.92,3000,10.42,1.44,1.93,80.5,27613,3.02,14.5,290,45,217,2.25,-3.3,Decreasing
2023-10-01,2023,10,Indonesia,Paradip,Panamax,Coal,67000,72000,18.96,525.46,104.12,Autumn,0.92,3000,10.42,1.44,1.93,80.5,27613,3.02,14.5,290,45,214,2.27,-0.89,Stable
2023-10-01,2023,10,Indonesia,Paradip,Capesize,Coal,146500,160000,15.15,525.46,104.12,Autumn,0.92,3000,9.62,1.44,1.93,80.5,27613,3.02,14.5,290,45,255,2.04,-4.6,Decreasing
2023-10-01,2023,10,Brazil,Dhamra,Handysize,Iron Ore,32500,38000,36.48,525.46,104.12,Autumn,0.92,11000,38.19,2.95,3.03,70.7,26612,3.06,18.0,300,48,72,3.59,-1.33,Stable
2023-10-01,2023,10,Brazil,Dhamra,Supramax,Iron Ore,56500,58000,32.39,525.46,104.12,Autumn,0.92,11000,38.19,2.95,3.03,70.7,26612,3.06,18.0,300,48,0,4.07,-0.34,Stable
2023-10-01,2023,10,Brazil,Dhamra,Panamax,Iron Ore,68500,72000,28.21,525.46,104.12,Autumn,0.92,11000,38.19,2.95,3.03,70.7,26612,3.06,18.0,300,48,172,3.6,-6.06,Decreasing
2023-10-01,2023,10,Brazil,Dhamra,Capesize,Iron Ore,149500,160000,23.33,525.46,104.12,Autumn,0.92,11000,35.26,2.95,3.03,70.7,26612,3.06,18.0,300,48,111,3.46,-1.69,Stable
2023-11-01,2023,11,Newcastle,Paradip,Handysize,Coal,36000,38000,26.89,492.76,105.1,Autumn,0.9307,4200,14.58,2.62,3.11,75.8,26481,3.01,14.5,290,45,87,3.34,-3.65,Decreasing
2023-11-01,2023,11,Newcastle,Paradip,Supramax,Coal,56500,58000,24.9,492.76,105.1,Autumn,0.9307,4200,14.58,2.62,3.11,75.8,26481,3.01,14.5,290,45,198,3.85,4.23,Increasing
2023-11-01,2023,11,Newcastle,Paradip,Panamax,Coal,66000,72000,22.13,492.76,105.1,Autumn,0.9307,4200,14.58,2.62,3.11,75.8,26481,3.01,14.5,290,45,149,3.79,9.72,Increasing
2023-11-01,2023,11,Newcastle,Paradip,Capesize,Coal,150000,160000,17.39,492.76,105.1,Autumn,0.9307,4200,13.46,2.62,3.11,75.8,26481,3.01,14.5,290,45,203,3.8,-0.46,Stable
2023-11-01,2023,11,Newcastle,Dhamra,Handysize,Coal,36000,38000,28.51,492.76,105.1,Autumn,0.9307,4250,14.76,1.93,2.32,74.3,27821,2.07,18.0,300,48,4,2.58,1.5,Stable
2023-11-01,2023,11,Newcastle,Dhamra,Supramax,Coal,50500,58000,25.51,492.76,105.1,Autumn,0.9307,4250,14.76,1.93,2.32,74.3,27821,2.07,18.0,300,48,73,2.98,7.09,Increasing
2023-11-01,2023,11,Newcastle,Dhamra,Panamax,Coal,69500,72000,21.41,492.76,105.1,Autumn,0.9307,4250,14.76,1.93,2.32,74.3,27821,2.07,18.0,300,48,69,2.76,3.83,Increasing
2023-11-01,2023,11,Newcastle,Dhamra,Capesize,Coal,146500,160000,17.86,492.76,105.1,Autumn,0.9307,4250,13.62,1.93,2.32,74.3,27821,2.07,18.0,300,48,121,2.22,5.74,Increasing
2023-11-01,2023,11,Gladstone,Paradip,Handysize,Coal,36500,38000,29.12,492.76,105.1,Autumn,0.9307,4800,16.67,1.07,1.69,86.0,29199,2.32,14.5,290,45,132,2.01,0.21,Stable
2023-11-01,2023,11,Gladstone,Paradip,Supramax,Coal,52000,58000,25.47,492.76,105.1,Autumn,0.9307,4800,16.67,1.07,1.69,86.0,29199,2.32,14.5,290,45,204,2.05,-0.47,Stable
2023-11-01,2023,11,Gladstone,Paradip,Panamax,Coal,63500,72000,22.22,492.76,105.1,Autumn,0.9307,4800,16.67,1.07,1.69,86.0,29199,2.32,14.5,290,45,89,1.91,1.55,Stable
2023-11-01,2023,11,Gladstone,Paradip,Capesize,Coal,152500,160000,19.4,492.76,105.1,Autumn,0.9307,4800,15.38,1.07,1.69,86.0,29199,2.32,14.5,290,45,120,1.76,6.48,Increasing
2023-11-01,2023,11,Richards Bay,Paradip,Handysize,Coal,33000,38000,31.58,492.76,105.1,Autumn,0.9307,6900,23.96,2.93,3.3,73.3,25671,3.23,14.5,290,45,212,4.12,-0.09,Stable
2023-11-01,2023,11,Richards Bay,Paradip,Supramax,Coal,57500,58000,28.99,492.76,105.1,Autumn,0.9307,6900,23.96,2.93,3.3,73.3,25671,3.23,14.5,290,45,253,3.68,4.66,Increasing
2023-11-01,2023,11,Richards Bay,Paradip,Panamax,Coal,65000,72000,26.25,492.76,105.1,Autumn,0.9307,6900,23.96,2.93,3.3,73.3,25671,3.23,14.5,290,45,193,3.85,4.17,Increasing
2023-11-01,2023,11,Richards Bay,Paradip,Capesize,Coal,152500,160000,20.92,492.76,105.1,Autumn,0.9307,6900,22.12,2.93,3.3,73.3,25671,3.23,14.5,290,45,262,4.15,4.24,Increasing
2023-11-01,2023,11,Indonesia,Paradip,Handysize,Coal,33000,38000,25.02,492.76,105.1,Autumn,0.9307,3000,10.42,2.6,3.21,74.1,27410,2.86,14.5,290,45,64,3.74,12.91,Increasing
2023-11-01,2023,11,Indonesia,Paradip,Supramax,Coal,53000,58000,21.45,492.76,105.1,Autumn,0.9307,3000,10.42,2.6,3.21,74.1,27410,2.86,14.5,290,45,157,3.27,3.08,Increasing
2023-11-01,2023,11,Indonesia,Paradip,Panamax,Coal,68500,72000,18.6,492.76,105.1,Autumn,0.9307,3000,10.42,2.6,3.21,74.1,27410,2.86,14.5,290,45,230,3.67,-1.9,Stable
2023-11-01,2023,11,Indonesia,Paradip,Capesize,Coal,152500,160000,14.72,492.76,105.1,Autumn,0.9307,3000,9.62,2.6,3.21,74.1,27410,2.86,14.5,290,45,112,3.56,-2.84,Decreasing
2023-11-01,2023,11,Brazil,Dhamra,Handysize,Iron Ore,33500,38000,36.27,492.76,105.1,Autumn,0.9307,11000,38.19,2.77,3.64,76.5,25156,2.2,18.0,300,48,51,3.75,-0.58,Stable
2023-11-01,2023,11,Brazil,Dhamra,Supramax,Iron Ore,55000,58000,31.8,492.76,105.1,Autumn,0.9307,11000,38.19,2.77,3.64,76.5,25156,2.2,18.0,300,48,190,4.31,-1.82,Stable
2023-11-01,2023,11,Brazil,Dhamra,Panamax,Iron Ore,68500,72000,29.32,492.76,105.1,Autumn,0.9307,11000,38.19,2.77,3.64,76.5,25156,2.2,18.0,300,48,154,3.84,3.93,Increasing
2023-11-01,2023,11,Brazil,Dhamra,Capesize,Iron Ore,156000,160000,22.74,492.76,105.1,Autumn,0.9307,11000,35.26,2.77,3.64,76.5,25156,2.2,18.0,300,48,85,4.1,-2.53,Decreasing
2023-12-01,2023,12,Newcastle,Paradip,Handysize,Coal,37500,38000,29.65,497.41,113.15,Winter,0.96,4200,14.58,2.86,2.81,75.8,26918,1.76,14.5,290,45,251,2.98,10.26,Increasing
2023-12-01,2023,12,Newcastle,Paradip,Supramax,Coal,56000,58000,24.89,497.41,113.15,Winter,0.96,4200,14.58,2.86,2.81,75.8,26918,1.76,14.5,290,45,115,3.37,-0.04,Stable
2023-12-01,2023,12,Newcastle,Paradip,Panamax,Coal,69500,72000,22.9,497.41,113.15,Winter,0.96,4200,14.58,2.86,2.81,75.8,26918,1.76,14.5,290,45,89,3.51,3.48,Increasing
2023-12-01,2023,12,Newcastle,Paradip,Capesize,Coal,147500,160000,18.37,497.41,113.15,Winter,0.96,4200,13.46,2.86,2.81,75.8,26918,1.76,14.5,290,45,135,3.27,5.64,Increasing
2023-12-01,2023,12,Newcastle,Dhamra,Handysize,Coal,35500,38000,30.24,497.41,113.15,Winter,0.96,4250,14.76,3.09,2.96,66.7,25877,2.97,18.0,300,48,151,3.5,6.07,Increasing
2023-12-01,2023,12,Newcastle,Dhamra,Supramax,Coal,55000,58000,25.68,497.41,113.15,Winter,0.96,4250,14.76,3.09,2.96,66.7,25877,2.97,18.0,300,48,271,3.73,0.67,Stable
2023-12-01,2023,12,Newcastle,Dhamra,Panamax,Coal,69500,72000,22.66,497.41,113.15,Winter,0.96,4250,14.76,3.09,2.96,66.7,25877,2.97,18.0,300,48,153,3.44,5.84,Increasing
2023-12-01,2023,12,Newcastle,Dhamra,Capesize,Coal,145500,160000,19.2,497.41,113.15,Winter,0.96,4250,13.62,3.09,2.96,66.7,25877,2.97,18.0,300,48,116,3.68,7.5,Increasing
2023-12-01,2023,12,Gladstone,Paradip,Handysize,Coal,34000,38000,31.24,497.41,113.15,Winter,0.96,4800,16.67,2.08,3.07,79.9,28061,1.55,14.5,290,45,61,3.8,7.28,Increasing
2023-12-01,2023,12,Gladstone,Paradip,Supramax,Coal,54500,58000,26.0,497.41,113.15,Winter,0.96,4800,16.67,2.08,3.07,79.9,28061,1.55,14.5,290,45,136,3.64,2.08,Increasing
2023-12-01,2023,12,Gladstone,Paradip,Panamax,Coal,66500,72000,23.3,497.41,113.15,Winter,0.96,4800,16.67,2.08,3.07,79.9,28061,1.55,14.5,290,45,142,3.15,4.86,Increasing
2023-12-01,2023,12,Gladstone,Paradip,Capesize,Coal,159000,160000,18.77,497.41,113.15,Winter,0.96,4800,15.38,2.08,3.07,79.9,28061,1.55,14.5,290,45,226,3.49,-3.25,Decreasing
2023-12-01,2023,12,Richards Bay,Paradip,Handysize,Coal,36500,38000,34.09,497.41,113.15,Winter,0.96,6900,23.96,2.12,2.5,78.5,28286,2.39,14.5,290,45,123,2.62,7.95,Increasing
2023-12-01,2023,12,Richards Bay,Paradip,Supramax,Coal,53500,58000,29.02,497.41,113.15,Winter,0.96,6900,23.96,2.12,2.5,78.5,28286,2.39,14.5,290,45,203,2.34,0.1,Stable
2023-12-01,2023,12,Richards Bay,Paradip,Panamax,Coal,67500,72000,26.16,497.41,113.15,Winter,0.96,6900,23.96,2.12,2.5,78.5,28286,2.39,14.5,290,45,137,3.21,-0.34,Stable
2023-12-01,2023,12,Richards Bay,Paradip,Capesize,Coal,152500,160000,21.93,497.41,113.15,Winter,0.96,6900,22.12,2.12,2.5,78.5,28286,2.39,14.5,290,45,142,3.12,4.83,Increasing
2023-12-01,2023,12,Indonesia,Paradip,Handysize,Coal,35500,38000,25.75,497.41,113.15,Winter,0.96,3000,10.42,3.57,4.19,66.8,25480,1.45,14.5,290,45,182,4.85,2.92,Increasing
2023-12-01,2023,12,Indonesia,Paradip,Supramax,Coal,51000,58000,23.02,497.41,113.15,Winter,0.96,3000,10.42,3.57,4.19,66.8,25480,1.45,14.5,290,45,209,4.85,7.32,Increasing
2023-12-01,2023,12,Indonesia,Paradip,Panamax,Coal,67000,72000,20.73,497.41,113.15,Winter,0.96,3000,10.42,3.57,4.19,66.8,25480,1.45,14.5,290,45,22,4.83,11.45,Increasing
2023-12-01,2023,12,Indonesia,Paradip,Capesize,Coal,150000,160000,15.82,497.41,113.15,Winter,0.96,3000,9.62,3.57,4.19,66.8,25480,1.45,14.5,290,45,388,4.61,7.47,Increasing
2023-12-01,2023,12,Brazil,Dhamra,Handysize,Iron Ore,36500,38000,38.69,497.41,113.15,Winter,0.96,11000,38.19,3.09,3.45,69.6,25778,2.63,18.0,300,48,36,3.87,6.67,Increasing
2023-12-01,2023,12,Brazil,Dhamra,Supramax,Iron Ore,55000,58000,33.81,497.41,113.15,Winter,0.96,11000,38.19,3.09,3.45,69.6,25778,2.63,18.0,300,48,105,3.28,6.32,Increasing
2023-12-01,2023,12,Brazil,Dhamra,Panamax,Iron Ore,69000,72000,29.03,497.41,113.15,Winter,0.96,11000,38.19,3.09,3.45,69.6,25778,2.63,18.0,300,48,0,3.3,-0.99,Stable
2023-12-01,2023,12,Brazil,Dhamra,Capesize,Iron Ore,155500,160000,24.21,497.41,113.15,Winter,0.96,11000,35.26,3.09,3.45,69.6,25778,2.63,18.0,300,48,141,4.36,6.46,Increasing
2024-01-01,2024,1,Newcastle,Paradip,Handysize,Coal,35000,38000,30.78,554.15,125.11,Winter,1.0,4200,14.58,2.78,2.5,73.1,27101,1.29,14.5,290,45,216,3.54,3.81,Increasing
2024-01-01,2024,1,Newcastle,Paradip,Supramax,Coal,54000,58000,25.58,554.15,125.11,Winter,1.0,4200,14.58,2.78,2.5,73.1,27101,1.29,14.5,290,45,179,2.8,2.77,Increasing
2024-01-01,2024,1,Newcastle,Paradip,Panamax,Coal,71000,72000,23.55,554.15,125.11,Winter,1.0,4200,14.58,2.78,2.5,73.1,27101,1.29,14.5,290,45,114,2.88,2.84,Increasing
2024-01-01,2024,1,Newcastle,Paradip,Capesize,Coal,154000,160000,19.11,554.15,125.11,Winter,1.0,4200,13.46,2.78,2.5,73.1,27101,1.29,14.5,290,45,108,3.41,4.03,Increasing
2024-01-01,2024,1,Newcastle,Dhamra,Handysize,Coal,33500,38000,31.65,554.15,125.11,Winter,1.0,4250,14.76,2.33,2.69,73.3,27541,1.73,18.0,300,48,82,3.28,4.66,Increasing
2024-01-01,2024,1,Newcastle,Dhamra,Supramax,Coal,56500,58000,27.53,554.15,125.11,Winter,1.0,4250,14.76,2.33,2.69,73.3,27541,1.73,18.0,300,48,180,3.05,7.2,Increasing
2024-01-01,2024,1,Newcastle,Dhamra,Panamax,Coal,66500,72000,25.39,554.15,125.11,Winter,1.0,4250,14.76,2.33,2.69,73.3,27541,1.73,18.0,300,48,104,2.85,12.05,Increasing
2024-01-01,2024,1,Newcastle,Dhamra,Capesize,Coal,153500,160000,19.02,554.15,125.11,Winter,1.0,4250,13.62,2.33,2.69,73.3,27541,1.73,18.0,300,48,83,2.75,-0.94,Stable
2024-01-01,2024,1,Gladstone,Paradip,Handysize,Coal,34500,38000,32.34,554.15,125.11,Winter,1.0,4800,16.67,2.53,2.83,78.1,27328,1.52,14.5,290,45,200,3.6,3.52,Increasing
2024-01-01,2024,1,Gladstone,Paradip,Supramax,Coal,54500,58000,27.79,554.15,125.11,Winter,1.0,4800,16.67,2.53,2.83,78.1,27328,1.52,14.5,290,45,80,2.92,6.88,Increasing
2024-01-01,2024,1,Gladstone,Paradip,Panamax,Coal,69000,72000,25.85,554.15,125.11,Winter,1.0,4800,16.67,2.53,2.83,78.1,27328,1.52,14.5,290,45,206,3.25,10.94,Increasing
2024-01-01,2024,1,Gladstone,Paradip,Capesize,Coal,157000,160000,20.16,554.15,125.11,Winter,1.0,4800,15.38,2.53,2.83,78.1,27328,1.52,14.5,290,45,236,3.27,7.41,Increasing
2024-01-01,2024,1,Richards Bay,Paradip,Handysize,Coal,35000,38000,37.07,554.15,125.11,Winter,1.0,6900,23.96,2.47,3.0,77.2,27098,1.6,14.5,290,45,254,3.63,8.74,Increasing
2024-01-01,2024,1,Richards Bay,Paradip,Supramax,Coal,54500,58000,31.28,554.15,125.11,Winter,1.0,6900,23.96,2.47,3.0,77.2,27098,1.6,14.5,290,45,201,3.45,7.79,Increasing
2024-01-01,2024,1,Richards Bay,Paradip,Panamax,Coal,67000,72000,27.49,554.15,125.11,Winter,1.0,6900,23.96,2.47,3.0,77.2,27098,1.6,14.5,290,45,0,3.5,5.08,Increasing
2024-01-01,2024,1,Richards Bay,Paradip,Capesize,Coal,148000,160000,23.4,554.15,125.11,Winter,1.0,6900,22.12,2.47,3.0,77.2,27098,1.6,14.5,290,45,161,3.15,6.7,Increasing
2024-01-01,2024,1,Indonesia,Paradip,Handysize,Coal,34000,38000,26.46,554.15,125.11,Winter,1.0,3000,10.42,2.77,2.69,74.5,27343,1.64,14.5,290,45,50,3.36,2.76,Increasing
2024-01-01,2024,1,Indonesia,Paradip,Supramax,Coal,55500,58000,23.33,554.15,125.11,Winter,1.0,3000,10.42,2.77,2.69,74.5,27343,1.64,14.5,290,45,160,3.29,1.35,Stable
2024-01-01,2024,1,Indonesia,Paradip,Panamax,Coal,71000,72000,20.58,554.15,125.11,Winter,1.0,3000,10.42,2.77,2.69,74.5,27343,1.64,14.5,290,45,171,2.92,-0.72,Stable
2024-01-01,2024,1,Indonesia,Paradip,Capesize,Coal,146000,160000,16.96,554.15,125.11,Winter,1.0,3000,9.62,2.77,2.69,74.5,27343,1.64,14.5,290,45,248,3.13,7.21,Increasing
2024-01-01,2024,1,Brazil,Dhamra,Handysize,Iron Ore,36500,38000,39.56,554.15,125.11,Winter,1.0,11000,38.19,2.67,2.83,75.4,25748,1.13,18.0,300,48,217,2.99,2.25,Increasing
2024-01-01,2024,1,Brazil,Dhamra,Supramax,Iron Ore,55500,58000,35.13,554.15,125.11,Winter,1.0,11000,38.19,2.67,2.83,75.4,25748,1.13,18.0,300,48,190,3.06,3.9,Increasing
2024-01-01,2024,1,Brazil,Dhamra,Panamax,Iron Ore,68000,72000,30.34,554.15,125.11,Winter,1.0,11000,38.19,2.67,2.83,75.4,25748,1.13,18.0,300,48,139,3.57,4.51,Increasing
2024-01-01,2024,1,Brazil,Dhamra,Capesize,Iron Ore,155000,160000,25.13,554.15,125.11,Winter,1.0,11000,35.26,2.67,2.83,75.4,25748,1.13,18.0,300,48,82,3.47,3.8,Increasing
2024-02-01,2024,2,Newcastle,Paradip,Handysize,Coal,35500,38000,30.28,574.23,114.64,Winter,1.04,4200,14.58,2.65,3.38,66.8,27012,0.5,14.5,290,45,81,4.54,-1.62,Stable
2024-02-01,2024,2,Newcastle,Paradip,Supramax,Coal,54000,58000,27.89,574.23,114.64,Winter,1.04,4200,14.58,2.65,3.38,66.8,27012,0.5,14.5,290,45,107,3.33,9.03,Increasing
2024-02-01,2024,2,Newcastle,Paradip,Panamax,Coal,67500,72000,24.52,574.23,114.64,Winter,1.04,4200,14.58,2.65,3.38,66.8,27012,0.5,14.5,290,45,128,3.82,4.12,Increasing
2024-02-01,2024,2,Newcastle,Paradip,Capesize,Coal,151500,160000,19.87,574.23,114.64,Winter,1.04,4200,13.46,2.65,3.38,66.8,27012,0.5,14.5,290,45,58,3.97,3.98,Increasing
2024-02-01,2024,2,Newcastle,Dhamra,Handysize,Coal,33000,38000,31.59,574.23,114.64,Winter,1.04,4250,14.76,1.59,1.34,84.5,28047,1.33,18.0,300,48,138,1.23,-0.19,Stable
2024-02-01,2024,2,Newcastle,Dhamra,Supramax,Coal,53000,58000,28.28,574.23,114.64,Winter,1.04,4250,14.76,1.59,1.34,84.5,28047,1.33,18.0,300,48,274,1.52,2.72,Increasing
2024-02-01,2024,2,Newcastle,Dhamra,Panamax,Coal,69500,72000,23.65,574.23,114.64,Winter,1.04,4250,14.76,1.59,1.34,84.5,28047,1.33,18.0,300,48,212,1.42,-6.85,Decreasing
2024-02-01,2024,2,Newcastle,Dhamra,Capesize,Coal,152000,160000,20.02,574.23,114.64,Winter,1.04,4250,13.62,1.59,1.34,84.5,28047,1.33,18.0,300,48,265,1.41,5.26,Increasing
2024-02-01,2024,2,Gladstone,Paradip,Handysize,Coal,35000,38000,34.01,574.23,114.64,Winter,1.04,4800,16.67,3.01,3.16,71.5,25795,0.88,14.5,290,45,179,3.72,5.16,Increasing
2024-02-01,2024,2,Gladstone,Paradip,Supramax,Coal,56000,58000,30.22,574.23,114.64,Winter,1.04,4800,16.67,3.01,3.16,71.5,25795,0.88,14.5,290,45,75,3.92,8.74,Increasing
2024-02-01,2024,2,Gladstone,Paradip,Panamax,Coal,65000,72000,27.13,574.23,114.64,Winter,1.04,4800,16.67,3.01,3.16,71.5,25795,0.88,14.5,290,45,209,3.23,4.95,Increasing
2024-02-01,2024,2,Gladstone,Paradip,Capesize,Coal,151000,160000,21.23,574.23,114.64,Winter,1.04,4800,15.38,3.01,3.16,71.5,25795,0.88,14.5,290,45,99,4.04,5.31,Increasing
2024-02-01,2024,2,Richards Bay,Paradip,Handysize,Coal,36500,38000,37.12,574.23,114.64,Winter,1.04,6900,23.96,2.31,2.38,79.3,27133,1.0,14.5,290,45,0,2.66,0.13,Stable
2024-02-01,2024,2,Richards Bay,Paradip,Supramax,Coal,53500,58000,32.13,574.23,114.64,Winter,1.04,6900,23.96,2.31,2.38,79.3,27133,1.0,14.5,290,45,0,3.43,2.72,Increasing
2024-02-01,2024,2,Richards Bay,Paradip,Panamax,Coal,69000,72000,28.78,574.23,114.64,Winter,1.04,6900,23.96,2.31,2.38,79.3,27133,1.0,14.5,290,45,254,3.38,4.69,Increasing
2024-02-01,2024,2,Richards Bay,Paradip,Capesize,Coal,154500,160000,23.81,574.23,114.64,Winter,1.04,6900,22.12,2.31,2.38,79.3,27133,1.0,14.5,290,45,170,2.76,1.75,Stable
2024-02-01,2024,2,Indonesia,Paradip,Handysize,Coal,32500,38000,27.54,574.23,114.64,Winter,1.04,3000,10.42,2.4,2.45,73.4,27062,0.62,14.5,290,45,157,2.92,4.08,Increasing
2024-02-01,2024,2,Indonesia,Paradip,Supramax,Coal,53500,58000,26.08,574.23,114.64,Winter,1.04,3000,10.42,2.4,2.45,73.4,27062,0.62,14.5,290,45,268,2.58,11.79,Increasing
2024-02-01,2024,2,Indonesia,Paradip,Panamax,Coal,68000,72000,21.05,574.23,114.64,Winter,1.04,3000,10.42,2.4,2.45,73.4,27062,0.62,14.5,290,45,78,2.55,2.28,Increasing
2024-02-01,2024,2,Indonesia,Paradip,Capesize,Coal,152500,160000,16.92,574.23,114.64,Winter,1.04,3000,9.62,2.4,2.45,73.4,27062,0.62,14.5,290,45,237,3.14,-0.24,Stable
2024-02-01,2024,2,Brazil,Dhamra,Handysize,Iron Ore,34000,38000,43.32,574.23,114.64,Winter,1.04,11000,38.19,3.42,3.31,70.2,25562,1.2,18.0,300,48,268,4.08,9.5,Increasing
2024-02-01,2024,2,Brazil,Dhamra,Supramax,Iron Ore,53000,58000,35.54,574.23,114.64,Winter,1.04,11000,38.19,3.42,3.31,70.2,25562,1.2,18.0,300,48,204,3.89,1.17,Stable
2024-02-01,2024,2,Brazil,Dhamra,Panamax,Iron Ore,65500,72000,32.91,574.23,114.64,Winter,1.04,11000,38.19,3.42,3.31,70.2,25562,1.2,18.0,300,48,114,3.65,8.47,Increasing
2024-02-01,2024,2,Brazil,Dhamra,Capesize,Iron Ore,154500,160000,27.0,574.23,114.64,Winter,1.04,11000,35.26,3.42,3.31,70.2,25562,1.2,18.0,300,48,218,3.67,7.44,Increasing
2024-03-01,2024,3,Newcastle,Paradip,Handysize,Coal,34500,38000,33.72,589.17,119.14,Spring,1.0693,4200,14.58,2.81,2.92,74.2,26051,0.5,14.5,290,45,226,3.46,11.36,Increasing
2024-03-01,2024,3,Newcastle,Paradip,Supramax,Coal,52500,58000,28.56,589.17,119.14,Spring,1.0693,4200,14.58,2.81,2.92,74.2,26051,0.5,14.5,290,45,245,3.33,2.4,Increasing
2024-03-01,2024,3,Newcastle,Paradip,Panamax,Coal,70500,72000,26.66,589.17,119.14,Spring,1.0693,4200,14.58,2.81,2.92,74.2,26051,0.5,14.5,290,45,293,3.5,8.73,Increasing
2024-03-01,2024,3,Newcastle,Paradip,Capesize,Coal,153000,160000,21.88,589.17,119.14,Spring,1.0693,4200,13.46,2.81,2.92,74.2,26051,0.5,14.5,290,45,195,3.3,10.12,Increasing
2024-03-01,2024,3,Newcastle,Dhamra,Handysize,Coal,32000,38000,34.49,589.17,119.14,Spring,1.0693,4250,14.76,2.05,2.53,79.2,28304,0.5,18.0,300,48,249,2.78,9.18,Increasing
2024-03-01,2024,3,Newcastle,Dhamra,Supramax,Coal,55500,58000,28.88,589.17,119.14,Spring,1.0693,4250,14.76,2.05,2.53,79.2,28304,0.5,18.0,300,48,258,3.14,2.12,Increasing
2024-03-01,2024,3,Newcastle,Dhamra,Panamax,Coal,64500,72000,26.53,589.17,119.14,Spring,1.0693,4250,14.76,2.05,2.53,79.2,28304,0.5,18.0,300,48,143,2.92,12.18,Increasing
2024-03-01,2024,3,Newcastle,Dhamra,Capesize,Coal,147000,160000,22.39,589.17,119.14,Spring,1.0693,4250,13.62,2.05,2.53,79.2,28304,0.5,18.0,300,48,243,2.71,11.84,Increasing
2024-03-01,2024,3,Gladstone,Paradip,Handysize,Coal,36000,38000,35.44,589.17,119.14,Spring,1.0693,4800,16.67,1.57,1.9,84.1,28998,1.02,14.5,290,45,186,1.83,4.2,Increasing
2024-03-01,2024,3,Gladstone,Paradip,Supramax,Coal,54000,58000,30.84,589.17,119.14,Spring,1.0693,4800,16.67,1.57,1.9,84.1,28998,1.02,14.5,290,45,155,2.3,2.05,Increasing
2024-03-01,2024,3,Gladstone,Paradip,Panamax,Coal,67000,72000,26.35,589.17,119.14,Spring,1.0693,4800,16.67,1.57,1.9,84.1,28998,1.02,14.5,290,45,150,2.26,-2.88,Decreasing
2024-03-01,2024,3,Gladstone,Paradip,Capesize,Coal,147500,160000,21.68,589.17,119.14,Spring,1.0693,4800,15.38,1.57,1.9,84.1,28998,1.02,14.5,290,45,84,2.46,2.12,Increasing
2024-03-01,2024,3,Richards Bay,Paradip,Handysize,Coal,32000,38000,36.89,589.17,119.14,Spring,1.0693,6900,23.96,2.14,3.03,78.7,26728,1.56,14.5,290,45,50,3.76,-0.62,Stable
2024-03-01,2024,3,Richards Bay,Paradip,Supramax,Coal,54500,58000,33.18,589.17,119.14,Spring,1.0693,6900,23.96,2.14,3.03,78.7,26728,1.56,14.5,290,45,0,3.11,3.27,Increasing
2024-03-01,2024,3,Richards Bay,Paradip,Panamax,Coal,69500,72000,29.92,589.17,119.14,Spring,1.0693,6900,23.96,2.14,3.03,78.7,26728,1.56,14.5,290,45,148,3.55,3.96,Increasing
2024-03-01,2024,3,Richards Bay,Paradip,Capesize,Coal,158500,160000,23.8,589.17,119.14,Spring,1.0693,6900,22.12,2.14,3.03,78.7,26728,1.56,14.5,290,45,165,3.46,-0.04,Stable
2024-03-01,2024,3,Indonesia,Paradip,Handysize,Coal,34000,38000,28.89,589.17,119.14,Spring,1.0693,3000,10.42,3.62,3.04,66.8,26058,1.14,14.5,290,45,306,4.47,4.9,Increasing
2024-03-01,2024,3,Indonesia,Paradip,Supramax,Coal,56000,58000,24.55,589.17,119.14,Spring,1.0693,3000,10.42,3.62,3.04,66.8,26058,1.14,14.5,290,45,216,3.58,-5.87,Decreasing
2024-03-01,2024,3,Indonesia,Paradip,Panamax,Coal,64000,72000,22.61,589.17,119.14,Spring,1.0693,3000,10.42,3.62,3.04,66.8,26058,1.14,14.5,290,45,308,3.37,7.41,Increasing
2024-03-01,2024,3,Indonesia,Paradip,Capesize,Coal,155500,160000,19.02,589.17,119.14,Spring,1.0693,3000,9.62,3.62,3.04,66.8,26058,1.14,14.5,290,45,191,3.65,12.41,Increasing
2024-03-01,2024,3,Brazil,Dhamra,Handysize,Iron Ore,34500,38000,41.81,589.17,119.14,Spring,1.0693,11000,38.19,3.18,3.66,70.0,26239,0.8,18.0,300,48,323,4.27,-3.49,Decreasing
2024-03-01,2024,3,Brazil,Dhamra,Supramax,Iron Ore,55000,58000,37.52,589.17,119.14,Spring,1.0693,11000,38.19,3.18,3.66,70.0,26239,0.8,18.0,300,48,101,4.18,5.57,Increasing
2024-03-01,2024,3,Brazil,Dhamra,Panamax,Iron Ore,64000,72000,35.62,589.17,119.14,Spring,1.0693,11000,38.19,3.18,3.66,70.0,26239,0.8,18.0,300,48,61,3.97,8.23,Increasing
2024-03-01,2024,3,Brazil,Dhamra,Capesize,Iron Ore,150000,160000,28.32,589.17,119.14,Spring,1.0693,11000,35.26,3.18,3.66,70.0,26239,0.8,18.0,300,48,161,3.92,4.89,Increasing
2024-04-01,2024,4,Newcastle,Paradip,Handysize,Coal,35500,38000,33.73,636.68,118.79,Spring,1.08,4200,14.58,2.19,3.4,76.7,28504,2.05,14.5,290,45,24,3.75,0.03,Stable
2024-04-01,2024,4,Newcastle,Paradip,Supramax,Coal,53000,58000,29.57,636.68,118.79,Spring,1.08,4200,14.58,2.19,3.4,76.7,28504,2.05,14.5,290,45,245,3.28,3.54,Increasing
2024-04-01,2024,4,Newcastle,Paradip,Panamax,Coal,67500,72000,27.04,636.68,118.79,Spring,1.08,4200,14.58,2.19,3.4,76.7,28504,2.05,14.5,290,45,145,3.98,1.43,Stable
2024-04-01,2024,4,Newcastle,Paradip,Capesize,Coal,152000,160000,21.5,636.68,118.79,Spring,1.08,4200,13.46,2.19,3.4,76.7,28504,2.05,14.5,290,45,138,3.49,-1.74,Stable
2024-04-01,2024,4,Newcastle,Dhamra,Handysize,Coal,34500,38000,34.53,636.68,118.79,Spring,1.08,4250,14.76,1.18,1.95,86.2,28283,0.97,18.0,300,48,133,1.83,0.12,Stable
2024-04-01,2024,4,Newcastle,Dhamra,Supramax,Coal,56000,58000,29.06,636.68,118.79,Spring,1.08,4250,14.76,1.18,1.95,86.2,28283,0.97,18.0,300,48,162,2.57,0.62,Stable
2024-04-01,2024,4,Newcastle,Dhamra,Panamax,Coal,67500,72000,26.6,636.68,118.79,Spring,1.08,4250,14.76,1.18,1.95,86.2,28283,0.97,18.0,300,48,65,2.11,0.26,Stable
2024-04-01,2024,4,Newcastle,Dhamra,Capesize,Coal,153500,160000,20.11,636.68,118.79,Spring,1.08,4250,13.62,1.18,1.95,86.2,28283,0.97,18.0,300,48,176,2.19,-10.18,Decreasing
2024-04-01,2024,4,Gladstone,Paradip,Handysize,Coal,35000,38000,35.59,636.68,118.79,Spring,1.08,4800,16.67,1.82,2.61,85.1,27117,1.13,14.5,290,45,74,3.18,0.42,Stable
2024-04-01,2024,4,Gladstone,Paradip,Supramax,Coal,58000,58000,30.76,636.68,118.79,Spring,1.08,4800,16.67,1.82,2.61,85.1,27117,1.13,14.5,290,45,200,2.96,-0.26,Stable
2024-04-01,2024,4,Gladstone,Paradip,Panamax,Coal,66000,72000,26.44,636.68,118.79,Spring,1.08,4800,16.67,1.82,2.61,85.1,27117,1.13,14.5,290,45,103,2.59,0.34,Stable
2024-04-01,2024,4,Gladstone,Paradip,Capesize,Coal,158500,160000,22.37,636.68,118.79,Spring,1.08,4800,15.38,1.82,2.61,85.1,27117,1.13,14.5,290,45,132,3.16,3.18,Increasing
2024-04-01,2024,4,Richards Bay,Paradip,Handysize,Coal,35500,38000,38.35,636.68,118.79,Spring,1.08,6900,23.96,1.18,1.44,89.1,28932,0.99,14.5,290,45,192,1.7,3.96,Increasing
2024-04-01,2024,4,Richards Bay,Paradip,Supramax,Coal,52500,58000,33.14,636.68,118.79,Spring,1.08,6900,23.96,1.18,1.44,89.1,28932,0.99,14.5,290,45,74,1.67,-0.12,Stable
2024-04-01,2024,4,Richards Bay,Paradip,Panamax,Coal,66500,72000,31.77,636.68,118.79,Spring,1.08,6900,23.96,1.18,1.44,89.1,28932,0.99,14.5,290,45,156,1.3,6.18,Increasing
2024-04-01,2024,4,Richards Bay,Paradip,Capesize,Coal,150000,160000,24.43,636.68,118.79,Spring,1.08,6900,22.12,1.18,1.44,89.1,28932,0.99,14.5,290,45,293,1.5,2.65,Increasing
2024-04-01,2024,4,Indonesia,Paradip,Handysize,Coal,35000,38000,28.97,636.68,118.79,Spring,1.08,3000,10.42,0.93,1.78,87.5,28704,0.5,14.5,290,45,105,1.88,0.28,Stable
2024-04-01,2024,4,Indonesia,Paradip,Supramax,Coal,54500,58000,24.77,636.68,118.79,Spring,1.08,3000,10.42,0.93,1.78,87.5,28704,0.5,14.5,290,45,167,2.05,0.9,Stable
2024-04-01,2024,4,Indonesia,Paradip,Panamax,Coal,69500,72000,22.58,636.68,118.79,Spring,1.08,3000,10.42,0.93,1.78,87.5,28704,0.5,14.5,290,45,196,1.55,-0.13,Stable
2024-04-01,2024,4,Indonesia,Paradip,Capesize,Coal,150500,160000,18.37,636.68,118.79,Spring,1.08,3000,9.62,0.93,1.78,87.5,28704,0.5,14.5,290,45,218,1.77,-3.42,Decreasing
2024-04-01,2024,4,Brazil,Dhamra,Handysize,Iron Ore,36000,38000,43.65,636.68,118.79,Spring,1.08,11000,38.19,1.44,1.72,87.1,27990,1.23,18.0,300,48,150,1.93,4.4,Increasing
2024-04-01,2024,4,Brazil,Dhamra,Supramax,Iron Ore,56000,58000,37.88,636.68,118.79,Spring,1.08,11000,38.19,1.44,1.72,87.1,27990,1.23,18.0,300,48,342,1.77,0.96,Stable
2024-04-01,2024,4,Brazil,Dhamra,Panamax,Iron Ore,69000,72000,33.54,636.68,118.79,Spring,1.08,11000,38.19,1.44,1.72,87.1,27990,1.23,18.0,300,48,90,1.98,-5.84,Decreasing
2024-04-01,2024,4,Brazil,Dhamra,Capesize,Iron Ore,152500,160000,29.47,636.68,118.79,Spring,1.08,11000,35.26,1.44,1.72,87.1,27990,1.23,18.0,300,48,145,1.7,4.06,Increasing
2024-05-01,2024,5,Newcastle,Paradip,Handysize,Coal,34000,38000,31.6,632.28,105.38,Spring,1.0693,4200,14.58,1.31,2.09,84.3,28324,1.89,14.5,290,45,184,2.01,-6.31,Decreasing
2024-05-01,2024,5,Newcastle,Paradip,Supramax,Coal,54000,58000,27.34,632.28,105.38,Spring,1.0693,4200,14.58,1.31,2.09,84.3,28324,1.89,14.5,290,45,203,2.78,-7.54,Decreasing
2024-05-01,2024,5,Newcastle,Paradip,Panamax,Coal,65000,72000,23.97,632.28,105.38,Spring,1.0693,4200,14.58,1.31,2.09,84.3,28324,1.89,14.5,290,45,150,2.33,-11.35,Decreasing
2024-05-01,2024,5,Newcastle,Paradip,Capesize,Coal,151500,160000,20.12,632.28,105.38,Spring,1.0693,4200,13.46,1.31,2.09,84.3,28324,1.89,14.5,290,45,143,2.42,-6.42,Decreasing
2024-05-01,2024,5,Newcastle,Dhamra,Handysize,Coal,37500,38000,33.0,632.28,105.38,Spring,1.0693,4250,14.76,1.87,1.61,81.6,27111,1.22,18.0,300,48,156,2.08,-4.43,Decreasing
2024-05-01,2024,5,Newcastle,Dhamra,Supramax,Coal,53500,58000,27.61,632.28,105.38,Spring,1.0693,4250,14.76,1.87,1.61,81.6,27111,1.22,18.0,300,48,125,2.2,-4.99,Decreasing
2024-05-01,2024,5,Newcastle,Dhamra,Panamax,Coal,67000,72000,25.55,632.28,105.38,Spring,1.0693,4250,14.76,1.87,1.61,81.6,27111,1.22,18.0,300,48,234,1.86,-3.95,Decreasing
2024-05-01,2024,5,Newcastle,Dhamra,Capesize,Coal,148000,160000,21.25,632.28,105.38,Spring,1.0693,4250,13.62,1.87,1.61,81.6,27111,1.22,18.0,300,48,221,2.54,5.67,Increasing
2024-05-01,2024,5,Gladstone,Paradip,Handysize,Coal,35000,38000,34.11,632.28,105.38,Spring,1.0693,4800,16.67,1.75,2.6,79.4,27938,1.15,14.5,290,45,145,3.01,-4.16,Decreasing
2024-05-01,2024,5,Gladstone,Paradip,Supramax,Coal,55000,58000,30.6,632.28,105.38,Spring,1.0693,4800,16.67,1.75,2.6,79.4,27938,1.15,14.5,290,45,183,2.79,-0.52,Stable
2024-05-01,2024,5,Gladstone,Paradip,Panamax,Coal,66500,72000,26.38,632.28,105.38,Spring,1.0693,4800,16.67,1.75,2.6,79.4,27938,1.15,14.5,290,45,302,2.92,-0.23,Stable
2024-05-01,2024,5,Gladstone,Paradip,Capesize,Coal,149500,160000,21.3,632.28,105.38,Spring,1.0693,4800,15.38,1.75,2.6,79.4,27938,1.15,14.5,290,45,394,2.65,-4.78,Decreasing
2024-05-01,2024,5,Richards Bay,Paradip,Handysize,Coal,35500,38000,36.93,632.28,105.38,Spring,1.0693,6900,23.96,1.06,1.75,89.9,29988,1.7,14.5,290,45,139,2.02,-3.7,Decreasing
2024-05-01,2024,5,Richards Bay,Paradip,Supramax,Coal,58000,58000,31.55,632.28,105.38,Spring,1.0693,6900,23.96,1.06,1.75,89.9,29988,1.7,14.5,290,45,256,1.99,-4.8,Decreasing
2024-05-01,2024,5,Richards Bay,Paradip,Panamax,Coal,69500,72000,29.31,632.28,105.38,Spring,1.0693,6900,23.96,1.06,1.75,89.9,29988,1.7,14.5,290,45,92,2.13,-7.74,Decreasing
2024-05-01,2024,5,Richards Bay,Paradip,Capesize,Coal,153500,160000,24.34,632.28,105.38,Spring,1.0693,6900,22.12,1.06,1.75,89.9,29988,1.7,14.5,290,45,158,1.79,-0.37,Stable
2024-05-01,2024,5,Indonesia,Paradip,Handysize,Coal,34500,38000,26.78,632.28,105.38,Spring,1.0693,3000,10.42,0.44,1.36,90.0,29092,1.61,14.5,290,45,94,1.16,-7.56,Decreasing
2024-05-01,2024,5,Indonesia,Paradip,Supramax,Coal,54000,58000,23.58,632.28,105.38,Spring,1.0693,3000,10.42,0.44,1.36,90.0,29092,1.61,14.5,290,45,29,1.95,-4.8,Decreasing
2024-05-01,2024,5,Indonesia,Paradip,Panamax,Coal,70500,72000,21.2,632.28,105.38,Spring,1.0693,3000,10.42,0.44,1.36,90.0,29092,1.61,14.5,290,45,181,1.55,-6.11,Decreasing
2024-05-01,2024,5,Indonesia,Paradip,Capesize,Coal,156000,160000,16.94,632.28,105.38,Spring,1.0693,3000,9.62,0.44,1.36,90.0,29092,1.61,14.5,290,45,247,1.31,-7.78,Decreasing
2024-05-01,2024,5,Brazil,Dhamra,Handysize,Iron Ore,36000,38000,42.35,632.28,105.38,Spring,1.0693,11000,38.19,0.57,1.43,97.9,28482,2.05,18.0,300,48,222,1.17,-2.98,Decreasing
2024-05-01,2024,5,Brazil,Dhamra,Supramax,Iron Ore,52500,58000,36.23,632.28,105.38,Spring,1.0693,11000,38.19,0.57,1.43,97.9,28482,2.05,18.0,300,48,166,1.38,-4.36,Decreasing
2024-05-01,2024,5,Brazil,Dhamra,Panamax,Iron Ore,69000,72000,33.92,632.28,105.38,Spring,1.0693,11000,38.19,0.57,1.43,97.9,28482,2.05,18.0,300,48,207,1.94,1.13,Stable
2024-05-01,2024,5,Brazil,Dhamra,Capesize,Iron Ore,153500,160000,25.65,632.28,105.38,Spring,1.0693,11000,35.26,0.57,1.43,97.9,28482,2.05,18.0,300,48,269,1.38,-12.96,Decreasing
2024-06-01,2024,6,Newcastle,Paradip,Handysize,Coal,36000,38000,32.22,632.56,111.32,Summer,1.04,4200,14.58,0.2,0.55,94.0,29816,2.66,14.5,290,45,182,0.53,1.96,Stable
2024-06-01,2024,6,Newcastle,Paradip,Supramax,Coal,54000,58000,28.1,632.56,111.32,Summer,1.04,4200,14.58,0.2,0.55,94.0,29816,2.66,14.5,290,45,204,0.52,2.78,Increasing
2024-06-01,2024,6,Newcastle,Paradip,Panamax,Coal,70000,72000,24.71,632.56,111.32,Summer,1.04,4200,14.58,0.2,0.55,94.0,29816,2.66,14.5,290,45,91,0.39,3.09,Increasing
2024-06-01,2024,6,Newcastle,Paradip,Capesize,Coal,145500,160000,19.83,632.56,111.32,Summer,1.04,4200,13.46,0.2,0.55,94.0,29816,2.66,14.5,290,45,258,0.38,-1.44,Stable
2024-06-01,2024,6,Newcastle,Dhamra,Handysize,Coal,34500,38000,33.2,632.56,111.32,Summer,1.04,4250,14.76,1.04,1.35,83.9,28600,1.87,18.0,300,48,177,1.24,0.61,Stable
2024-06-01,2024,6,Newcastle,Dhamra,Supramax,Coal,56500,58000,28.59,632.56,111.32,Summer,1.04,4250,14.76,1.04,1.35,83.9,28600,1.87,18.0,300,48,175,1.54,3.55,Increasing
2024-06-01,2024,6,Newcastle,Dhamra,Panamax,Coal,66500,72000,25.86,632.56,111.32,Summer,1.04,4250,14.76,1.04,1.35,83.9,28600,1.87,18.0,300,48,198,1.1,1.21,Stable
2024-06-01,2024,6,Newcastle,Dhamra,Capesize,Coal,148000,160000,20.59,632.56,111.32,Summer,1.04,4250,13.62,1.04,1.35,83.9,28600,1.87,18.0,300,48,180,1.84,-3.11,Decreasing
2024-06-01,2024,6,Gladstone,Paradip,Handysize,Coal,36000,38000,33.24,632.56,111.32,Summer,1.04,4800,16.67,0.51,0.96,89.9,29146,1.74,14.5,290,45,194,0.63,-2.55,Decreasing
2024-06-01,2024,6,Gladstone,Paradip,Supramax,Coal,53500,58000,29.21,632.56,111.32,Summer,1.04,4800,16.67,0.51,0.96,89.9,29146,1.74,14.5,290,45,293,0.98,-4.54,Decreasing
2024-06-01,2024,6,Gladstone,Paradip,Panamax,Coal,63000,72000,25.1,632.56,111.32,Summer,1.04,4800,16.67,0.51,0.96,89.9,29146,1.74,14.5,290,45,162,1.2,-4.85,Decreasing
2024-06-01,2024,6,Gladstone,Paradip,Capesize,Coal,152000,160000,21.58,632.56,111.32,Summer,1.04,4800,15.38,0.51,0.96,89.9,29146,1.74,14.5,290,45,252,0.92,1.31,Stable
2024-06-01,2024,6,Richards Bay,Paradip,Handysize,Coal,35000,38000,37.36,632.56,111.32,Summer,1.04,6900,23.96,1.43,1.34,80.1,28096,1.55,14.5,290,45,164,1.37,1.16,Stable
2024-06-01,2024,6,Richards Bay,Paradip,Supramax,Coal,54000,58000,31.16,632.56,111.32,Summer,1.04,6900,23.96,1.43,1.34,80.1,28096,1.55,14.5,290,45,269,1.52,-1.24,Stable
2024-06-01,2024,6,Richards Bay,Paradip,Panamax,Coal,66500,72000,30.35,632.56,111.32,Summer,1.04,6900,23.96,1.43,1.34,80.1,28096,1.55,14.5,290,45,60,1.32,3.55,Increasing
2024-06-01,2024,6,Richards Bay,Paradip,Capesize,Coal,145000,160000,23.5,632.56,111.32,Summer,1.04,6900,22.12,1.43,1.34,80.1,28096,1.55,14.5,290,45,194,1.78,-3.45,Decreasing
2024-06-01,2024,6,Indonesia,Paradip,Handysize,Coal,34000,38000,27.71,632.56,111.32,Summer,1.04,3000,10.42,2.35,1.91,75.8,26771,2.3,14.5,290,45,294,2.54,3.47,Increasing
2024-06-01,2024,6,Indonesia,Paradip,Supramax,Coal,54500,58000,25.75,632.56,111.32,Summer,1.04,3000,10.42,2.35,1.91,75.8,26771,2.3,14.5,290,45,38,2.0,9.2,Increasing
2024-06-01,2024,6,Indonesia,Paradip,Panamax,Coal,63000,72000,21.92,632.56,111.32,Summer,1.04,3000,10.42,2.35,1.91,75.8,26771,2.3,14.5,290,45,172,2.36,3.4,Increasing
2024-06-01,2024,6,Indonesia,Paradip,Capesize,Coal,151000,160000,17.27,632.56,111.32,Summer,1.04,3000,9.62,2.35,1.91,75.8,26771,2.3,14.5,290,45,224,2.39,1.95,Stable
2024-06-01,2024,6,Brazil,Dhamra,Handysize,Iron Ore,35500,38000,42.33,632.56,111.32,Summer,1.04,11000,38.19,1.34,1.17,82.3,28117,2.16,18.0,300,48,91,1.42,-0.05,Stable
2024-06-01,2024,6,Brazil,Dhamra,Supramax,Iron Ore,52000,58000,37.43,632.56,111.32,Summer,1.04,11000,38.19,1.34,1.17,82.3,28117,2.16,18.0,300,48,143,1.69,3.31,Increasing
2024-06-01,2024,6,Brazil,Dhamra,Panamax,Iron Ore,66500,72000,32.61,632.56,111.32,Summer,1.04,11000,38.19,1.34,1.17,82.3,28117,2.16,18.0,300,48,98,1.63,-3.86,Decreasing
2024-06-01,2024,6,Brazil,Dhamra,Capesize,Iron Ore,149000,160000,27.07,632.56,111.32,Summer,1.04,11000,35.26,1.34,1.17,82.3,28117,2.16,18.0,300,48,129,0.92,5.54,Increasing
2024-07-01,2024,7,Newcastle,Paradip,Handysize,Coal,36000,38000,30.08,594.66,99.4,Summer,1.0,4200,14.58,0.2,1.19,94.0,30219,2.55,14.5,290,45,98,0.79,-6.64,Decreasing
2024-07-01,2024,7,Newcastle,Paradip,Supramax,Coal,53500,58000,25.58,594.66,99.4,Summer,1.0,4200,14.58,0.2,1.19,94.0,30219,2.55,14.5,290,45,168,1.14,-8.97,Decreasing
2024-07-01,2024,7,Newcastle,Paradip,Panamax,Coal,69000,72000,23.04,594.66,99.4,Summer,1.0,4200,14.58,0.2,1.19,94.0,30219,2.55,14.5,290,45,155,1.53,-6.76,Decreasing
2024-07-01,2024,7,Newcastle,Paradip,Capesize,Coal,152000,160000,18.89,594.66,99.4,Summer,1.0,4200,13.46,0.2,1.19,94.0,30219,2.55,14.5,290,45,111,1.07,-4.74,Decreasing
2024-07-01,2024,7,Newcastle,Dhamra,Handysize,Coal,37500,38000,31.28,594.66,99.4,Summer,1.0,4250,14.76,0.33,0.79,92.8,28657,2.98,18.0,300,48,47,0.74,-5.78,Decreasing
2024-07-01,2024,7,Newcastle,Dhamra,Supramax,Coal,54500,58000,28.14,594.66,99.4,Summer,1.0,4250,14.76,0.33,0.79,92.8,28657,2.98,18.0,300,48,71,1.1,-1.57,Stable
2024-07-01,2024,7,Newcastle,Dhamra,Panamax,Coal,70500,72000,23.78,594.66,99.4,Summer,1.0,4250,14.76,0.33,0.79,92.8,28657,2.98,18.0,300,48,137,0.59,-8.04,Decreasing
2024-07-01,2024,7,Newcastle,Dhamra,Capesize,Coal,149500,160000,19.52,594.66,99.4,Summer,1.0,4250,13.62,0.33,0.79,92.8,28657,2.98,18.0,300,48,212,1.13,-5.2,Decreasing
2024-07-01,2024,7,Gladstone,Paradip,Handysize,Coal,34500,38000,32.51,594.66,99.4,Summer,1.0,4800,16.67,0.39,0.34,93.6,29708,2.59,14.5,290,45,281,0.51,-2.2,Decreasing
2024-07-01,2024,7,Gladstone,Paradip,Supramax,Coal,54000,58000,27.66,594.66,99.4,Summer,1.0,4800,16.67,0.39,0.34,93.6,29708,2.59,14.5,290,45,146,0.82,-5.31,Decreasing
2024-07-01,2024,7,Gladstone,Paradip,Panamax,Coal,67500,72000,25.28,594.66,99.4,Summer,1.0,4800,16.67,0.39,0.34,93.6,29708,2.59,14.5,290,45,121,0.69,0.72,Stable
2024-07-01,2024,7,Gladstone,Paradip,Capesize,Coal,160000,160000,20.71,594.66,99.4,Summer,1.0,4800,15.38,0.39,0.34,93.6,29708,2.59,14.5,290,45,166,0.42,-4.03,Decreasing
2024-07-01,2024,7,Richards Bay,Paradip,Handysize,Coal,34500,38000,34.84,594.66,99.4,Summer,1.0,6900,23.96,0.2,1.13,95.5,29262,2.67,14.5,290,45,241,1.07,-6.75,Decreasing
2024-07-01,2024,7,Richards Bay,Paradip,Supramax,Coal,58000,58000,30.7,594.66,99.4,Summer,1.0,6900,23.96,0.2,1.13,95.5,29262,2.67,14.5,290,45,57,1.13,-1.48,Stable
2024-07-01,2024,7,Richards Bay,Paradip,Panamax,Coal,66500,72000,25.74,594.66,99.4,Summer,1.0,6900,23.96,0.2,1.13,95.5,29262,2.67,14.5,290,45,287,1.34,-15.19,Decreasing
2024-07-01,2024,7,Richards Bay,Paradip,Capesize,Coal,153000,160000,22.13,594.66,99.4,Summer,1.0,6900,22.12,0.2,1.13,95.5,29262,2.67,14.5,290,45,49,1.05,-5.83,Decreasing
2024-07-01,2024,7,Indonesia,Paradip,Handysize,Coal,35000,38000,26.98,594.66,99.4,Summer,1.0,3000,10.42,1.26,1.41,85.3,28385,1.33,14.5,290,45,211,1.7,-2.63,Decreasing
2024-07-01,2024,7,Indonesia,Paradip,Supramax,Coal,56500,58000,21.8,594.66,99.4,Summer,1.0,3000,10.42,1.26,1.41,85.3,28385,1.33,14.5,290,45,200,1.79,-15.34,Decreasing
2024-07-01,2024,7,Indonesia,Paradip,Panamax,Coal,65000,72000,19.62,594.66,99.4,Summer,1.0,3000,10.42,1.26,1.41,85.3,28385,1.33,14.5,290,45,100,1.47,-10.49,Decreasing
2024-07-01,2024,7,Indonesia,Paradip,Capesize,Coal,154000,160000,16.35,594.66,99.4,Summer,1.0,3000,9.62,1.26,1.41,85.3,28385,1.33,14.5,290,45,91,1.48,-5.33,Decreasing
2024-07-01,2024,7,Brazil,Dhamra,Handysize,Iron Ore,34000,38000,41.34,594.66,99.4,Summer,1.0,11000,38.19,1.42,1.91,84.4,29206,2.51,18.0,300,48,176,2.12,-2.34,Decreasing
2024-07-01,2024,7,Brazil,Dhamra,Supramax,Iron Ore,58000,58000,34.11,594.66,99.4,Summer,1.0,11000,38.19,1.42,1.91,84.4,29206,2.51,18.0,300,48,131,1.85,-8.87,Decreasing
2024-07-01,2024,7,Brazil,Dhamra,Panamax,Iron Ore,69500,72000,32.75,594.66,99.4,Summer,1.0,11000,38.19,1.42,1.91,84.4,29206,2.51,18.0,300,48,293,2.47,0.43,Stable
2024-07-01,2024,7,Brazil,Dhamra,Capesize,Iron Ore,151000,160000,25.07,594.66,99.4,Summer,1.0,11000,35.26,1.42,1.91,84.4,29206,2.51,18.0,300,48,26,2.67,-7.39,Decreasing
2024-08-01,2024,8,Newcastle,Paradip,Handysize,Coal,33000,38000,29.29,579.63,100.12,Summer,0.96,4200,14.58,0.4,1.18,94.4,29477,2.95,14.5,290,45,243,1.25,-2.63,Decreasing
2024-08-01,2024,8,Newcastle,Paradip,Supramax,Coal,56000,58000,24.56,579.63,100.12,Summer,0.96,4200,14.58,0.4,1.18,94.4,29477,2.95,14.5,290,45,157,1.1,-3.99,Decreasing
2024-08-01,2024,8,Newcastle,Paradip,Panamax,Coal,69500,72000,22.93,579.63,100.12,Summer,0.96,4200,14.58,0.4,1.18,94.4,29477,2.95,14.5,290,45,215,1.53,-0.48,Stable
2024-08-01,2024,8,Newcastle,Paradip,Capesize,Coal,153500,160000,18.74,579.63,100.12,Summer,0.96,4200,13.46,0.4,1.18,94.4,29477,2.95,14.5,290,45,80,1.25,-0.79,Stable
2024-08-01,2024,8,Newcastle,Dhamra,Handysize,Coal,34000,38000,30.26,579.63,100.12,Summer,0.96,4250,14.76,0.64,1.12,88.4,27861,2.85,18.0,300,48,52,1.24,-3.26,Decreasing
2024-08-01,2024,8,Newcastle,Dhamra,Supramax,Coal,58000,58000,26.88,579.63,100.12,Summer,0.96,4250,14.76,0.64,1.12,88.4,27861,2.85,18.0,300,48,291,1.34,-4.48,Decreasing
2024-08-01,2024,8,Newcastle,Dhamra,Panamax,Coal,70000,72000,23.07,579.63,100.12,Summer,0.96,4250,14.76,0.64,1.12,88.4,27861,2.85,18.0,300,48,108,0.55,-2.99,Decreasing
2024-08-01,2024,8,Newcastle,Dhamra,Capesize,Coal,156000,160000,20.26,579.63,100.12,Summer,0.96,4250,13.62,0.64,1.12,88.4,27861,2.85,18.0,300,48,115,1.18,3.79,Increasing
2024-08-01,2024,8,Gladstone,Paradip,Handysize,Coal,34500,38000,31.59,579.63,100.12,Summer,0.96,4800,16.67,0.52,1.28,87.5,29663,3.6,14.5,290,45,196,1.32,-2.83,Decreasing
2024-08-01,2024,8,Gladstone,Paradip,Supramax,Coal,54500,58000,27.15,579.63,100.12,Summer,0.96,4800,16.67,0.52,1.28,87.5,29663,3.6,14.5,290,45,237,1.47,-1.84,Stable
2024-08-01,2024,8,Gladstone,Paradip,Panamax,Coal,68000,72000,23.73,579.63,100.12,Summer,0.96,4800,16.67,0.52,1.28,87.5,29663,3.6,14.5,290,45,129,1.59,-6.13,Decreasing
2024-08-01,2024,8,Gladstone,Paradip,Capesize,Coal,150500,160000,20.46,579.63,100.12,Summer,0.96,4800,15.38,0.52,1.28,87.5,29663,3.6,14.5,290,45,301,1.63,-1.21,Stable
2024-08-01,2024,8,Richards Bay,Paradip,Handysize,Coal,35500,38000,34.03,579.63,100.12,Summer,0.96,6900,23.96,0.99,1.36,87.7,28590,1.76,14.5,290,45,134,1.09,-2.32,Decreasing
2024-08-01,2024,8,Richards Bay,Paradip,Supramax,Coal,53000,58000,29.93,579.63,100.12,Summer,0.96,6900,23.96,0.99,1.36,87.7,28590,1.76,14.5,290,45,297,1.51,-2.51,Decreasing
2024-08-01,2024,8,Richards Bay,Paradip,Panamax,Coal,68500,72000,27.42,579.63,100.12,Summer,0.96,6900,23.96,0.99,1.36,87.7,28590,1.76,14.5,290,45,95,1.63,6.53,Increasing
2024-08-01,2024,8,Richards Bay,Paradip,Capesize,Coal,147000,160000,22.2,579.63,100.12,Summer,0.96,6900,22.12,0.99,1.36,87.7,28590,1.76,14.5,290,45,172,1.61,0.32,Stable
2024-08-01,2024,8,Indonesia,Paradip,Handysize,Coal,35500,38000,26.23,579.63,100.12,Summer,0.96,3000,10.42,0.5,1.38,89.5,29158,4.08,14.5,290,45,115,0.76,-2.78,Decreasing
2024-08-01,2024,8,Indonesia,Paradip,Supramax,Coal,57000,58000,22.86,579.63,100.12,Summer,0.96,3000,10.42,0.5,1.38,89.5,29158,4.08,14.5,290,45,20,1.31,4.86,Increasing
2024-08-01,2024,8,Indonesia,Paradip,Panamax,Coal,71000,72000,21.28,579.63,100.12,Summer,0.96,3000,10.42,0.5,1.38,89.5,29158,4.08,14.5,290,45,235,1.42,8.46,Increasing
2024-08-01,2024,8,Indonesia,Paradip,Capesize,Coal,151000,160000,16.33,579.63,100.12,Summer,0.96,3000,9.62,0.5,1.38,89.5,29158,4.08,14.5,290,45,250,1.25,-0.12,Stable
2024-08-01,2024,8,Brazil,Dhamra,Handysize,Iron Ore,35000,38000,37.99,579.63,100.12,Summer,0.96,11000,38.19,0.49,1.47,95.5,28941,3.02,18.0,300,48,160,1.19,-8.1,Decreasing
2024-08-01,2024,8,Brazil,Dhamra,Supramax,Iron Ore,53500,58000,32.37,579.63,100.12,Summer,0.96,11000,38.19,0.49,1.47,95.5,28941,3.02,18.0,300,48,215,1.74,-5.1,Decreasing
2024-08-01,2024,8,Brazil,Dhamra,Panamax,Iron Ore,64000,72000,31.18,579.63,100.12,Summer,0.96,11000,38.19,0.49,1.47,95.5,28941,3.02,18.0,300,48,359,1.57,-4.79,Decreasing
2024-08-01,2024,8,Brazil,Dhamra,Capesize,Iron Ore,149500,160000,26.41,579.63,100.12,Summer,0.96,11000,35.26,0.49,1.47,95.5,28941,3.02,18.0,300,48,54,1.56,5.35,Increasing
2024-09-01,2024,9,Newcastle,Paradip,Handysize,Coal,34000,38000,27.26,548.66,106.98,Autumn,0.9307,4200,14.58,1.03,1.24,85.3,28803,3.03,14.5,290,45,260,1.3,-6.93,Decreasing
2024-09-01,2024,9,Newcastle,Paradip,Supramax,Coal,52500,58000,24.5,548.66,106.98,Autumn,0.9307,4200,14.58,1.03,1.24,85.3,28803,3.03,14.5,290,45,165,0.99,-0.24,Stable
2024-09-01,2024,9,Newcastle,Paradip,Panamax,Coal,68500,72000,21.5,548.66,106.98,Autumn,0.9307,4200,14.58,1.03,1.24,85.3,28803,3.03,14.5,290,45,296,1.55,-6.24,Decreasing
2024-09-01,2024,9,Newcastle,Paradip,Capesize,Coal,148500,160000,17.5,548.66,106.98,Autumn,0.9307,4200,13.46,1.03,1.24,85.3,28803,3.03,14.5,290,45,151,1.58,-6.62,Decreasing
2024-09-01,2024,9,Newcastle,Dhamra,Handysize,Coal,32000,38000,30.02,548.66,106.98,Autumn,0.9307,4250,14.76,1.29,1.72,84.2,28217,3.23,18.0,300,48,183,1.76,-0.79,Stable
2024-09-01,2024,9,Newcastle,Dhamra,Supramax,Coal,58000,58000,25.49,548.66,106.98,Autumn,0.9307,4250,14.76,1.29,1.72,84.2,28217,3.23,18.0,300,48,77,2.16,-5.17,Decreasing
2024-09-01,2024,9,Newcastle,Dhamra,Panamax,Coal,68500,72000,23.3,548.66,106.98,Autumn,0.9307,4250,14.76,1.29,1.72,84.2,28217,3.23,18.0,300,48,125,2.06,1.0,Stable
2024-09-01,2024,9,Newcastle,Dhamra,Capesize,Coal,149000,160000,19.07,548.66,106.98,Autumn,0.9307,4250,13.62,1.29,1.72,84.2,28217,3.23,18.0,300,48,7,1.84,-5.87,Decreasing
2024-09-01,2024,9,Gladstone,Paradip,Handysize,Coal,32000,38000,30.74,548.66,106.98,Autumn,0.9307,4800,16.67,2.25,2.34,76.9,26453,2.9,14.5,290,45,170,2.73,-2.69,Decreasing
2024-09-01,2024,9,Gladstone,Paradip,Supramax,Coal,54500,58000,26.9,548.66,106.98,Autumn,0.9307,4800,16.67,2.25,2.34,76.9,26453,2.9,14.5,290,45,241,2.7,-0.92,Stable
2024-09-01,2024,9,Gladstone,Paradip,Panamax,Coal,66500,72000,24.12,548.66,106.98,Autumn,0.9307,4800,16.67,2.25,2.34,76.9,26453,2.9,14.5,290,45,206,3.1,1.64,Stable
2024-09-01,2024,9,Gladstone,Paradip,Capesize,Coal,147500,160000,19.85,548.66,106.98,Autumn,0.9307,4800,15.38,2.25,2.34,76.9,26453,2.9,14.5,290,45,187,2.5,-2.98,Decreasing
2024-09-01,2024,9,Richards Bay,Paradip,Handysize,Coal,35000,38000,33.08,548.66,106.98,Autumn,0.9307,6900,23.96,1.31,1.3,86.4,28158,2.32,14.5,290,45,81,1.53,-2.79,Decreasing
2024-09-01,2024,9,Richards Bay,Paradip,Supramax,Coal,52500,58000,29.72,548.66,106.98,Autumn,0.9307,6900,23.96,1.31,1.3,86.4,28158,2.32,14.5,290,45,51,1.49,-0.7,Stable
2024-09-01,2024,9,Richards Bay,Paradip,Panamax,Coal,65500,72000,26.33,548.66,106.98,Autumn,0.9307,6900,23.96,1.31,1.3,86.4,28158,2.32,14.5,290,45,133,1.41,-3.98,Decreasing
2024-09-01,2024,9,Richards Bay,Paradip,Capesize,Coal,154500,160000,20.95,548.66,106.98,Autumn,0.9307,6900,22.12,1.31,1.3,86.4,28158,2.32,14.5,290,45,201,1.29,-5.63,Decreasing
2024-09-01,2024,9,Indonesia,Paradip,Handysize,Coal,35000,38000,23.33,548.66,106.98,Autumn,0.9307,3000,10.42,0.53,1.19,93.3,29311,3.04,14.5,290,45,311,1.24,-11.06,Decreasing
2024-09-01,2024,9,Indonesia,Paradip,Supramax,Coal,55500,58000,20.69,548.66,106.98,Autumn,0.9307,3000,10.42,0.53,1.19,93.3,29311,3.04,14.5,290,45,184,0.95,-9.49,Decreasing
2024-09-01,2024,9,Indonesia,Paradip,Panamax,Coal,68500,72000,19.03,548.66,106.98,Autumn,0.9307,3000,10.42,0.53,1.19,93.3,29311,3.04,14.5,290,45,162,1.46,-10.57,Decreasing
2024-09-01,2024,9,Indonesia,Paradip,Capesize,Coal,144500,160000,15.14,548.66,106.98,Autumn,0.9307,3000,9.62,0.53,1.19,93.3,29311,3.04,14.5,290,45,196,1.81,-7.29,Decreasing
2024-09-01,2024,9,Brazil,Dhamra,Handysize,Iron Ore,35000,38000,36.37,548.66,106.98,Autumn,0.9307,11000,38.19,1.22,1.95,91.1,27308,3.15,18.0,300,48,0,2.24,-4.26,Decreasing
2024-09-01,2024,9,Brazil,Dhamra,Supramax,Iron Ore,55000,58000,32.32,548.66,106.98,Autumn,0.9307,11000,38.19,1.22,1.95,91.1,27308,3.15,18.0,300,48,151,2.94,-0.15,Stable
2024-09-01,2024,9,Brazil,Dhamra,Panamax,Iron Ore,67000,72000,29.76,548.66,106.98,Autumn,0.9307,11000,38.19,1.22,1.95,91.1,27308,3.15,18.0,300,48,108,2.24,-4.55,Decreasing
2024-09-01,2024,9,Brazil,Dhamra,Capesize,Iron Ore,151000,160000,23.38,548.66,106.98,Autumn,0.9307,11000,35.26,1.22,1.95,91.1,27308,3.15,18.0,300,48,305,2.46,-11.47,Decreasing
2024-10-01,2024,10,Newcastle,Paradip,Handysize,Coal,34000,38000,26.58,528.01,99.69,Autumn,0.92,4200,14.58,3.29,3.41,73.3,26209,3.59,14.5,290,45,304,3.8,-2.49,Decreasing
2024-10-01,2024,10,Newcastle,Paradip,Supramax,Coal,55000,58000,23.77,528.01,99.69,Autumn,0.92,4200,14.58,3.29,3.41,73.3,26209,3.59,14.5,290,45,228,4.01,-2.98,Decreasing
2024-10-01,2024,10,Newcastle,Paradip,Panamax,Coal,68500,72000,21.56,528.01,99.69,Autumn,0.92,4200,14.58,3.29,3.41,73.3,26209,3.59,14.5,290,45,345,3.86,0.28,Stable
2024-10-01,2024,10,Newcastle,Paradip,Capesize,Coal,142500,160000,18.16,528.01,99.69,Autumn,0.92,4200,13.46,3.29,3.41,73.3,26209,3.59,14.5,290,45,252,4.04,3.77,Increasing
2024-10-01,2024,10,Newcastle,Dhamra,Handysize,Coal,35000,38000,28.51,528.01,99.69,Autumn,0.92,4250,14.76,2.55,2.78,72.8,27515,2.98,18.0,300,48,7,3.6,-5.03,Decreasing
2024-10-01,2024,10,Newcastle,Dhamra,Supramax,Coal,52500,58000,24.57,528.01,99.69,Autumn,0.92,4250,14.76,2.55,2.78,72.8,27515,2.98,18.0,300,48,188,2.94,-3.61,Decreasing
2024-10-01,2024,10,Newcastle,Dhamra,Panamax,Coal,64500,72000,21.04,528.01,99.69,Autumn,0.92,4250,14.76,2.55,2.78,72.8,27515,2.98,18.0,300,48,217,3.11,-9.7,Decreasing
2024-10-01,2024,10,Newcastle,Dhamra,Capesize,Coal,160000,160000,17.61,528.01,99.69,Autumn,0.92,4250,13.62,2.55,2.78,72.8,27515,2.98,18.0,300,48,86,3.1,-7.66,Decreasing
2024-10-01,2024,10,Gladstone,Paradip,Handysize,Coal,32500,38000,28.26,528.01,99.69,Autumn,0.92,4800,16.67,1.93,2.18,78.1,26712,3.35,14.5,290,45,118,2.45,-8.07,Decreasing
2024-10-01,2024,10,Gladstone,Paradip,Supramax,Coal,53500,58000,26.86,528.01,99.69,Autumn,0.92,4800,16.67,1.93,2.18,78.1,26712,3.35,14.5,290,45,258,2.44,-0.15,Stable
2024-10-01,2024,10,Gladstone,Paradip,Panamax,Coal,64000,72000,23.01,528.01,99.69,Autumn,0.92,4800,16.67,1.93,2.18,78.1,26712,3.35,14.5,290,45,112,2.36,-4.6,Decreasing
2024-10-01,2024,10,Gladstone,Paradip,Capesize,Coal,147000,160000,18.46,528.01,99.69,Autumn,0.92,4800,15.38,1.93,2.18,78.1,26712,3.35,14.5,290,45,129,2.37,-7.0,Decreasing
2024-10-01,2024,10,Richards Bay,Paradip,Handysize,Coal,33000,38000,32.69,528.01,99.69,Autumn,0.92,6900,23.96,1.91,2.45,83.9,27016,2.58,14.5,290,45,94,2.88,-1.18,Stable
2024-10-01,2024,10,Richards Bay,Paradip,Supramax,Coal,50500,58000,29.09,528.01,99.69,Autumn,0.92,6900,23.96,1.91,2.45,83.9,27016,2.58,14.5,290,45,213,2.42,-2.12,Decreasing
2024-10-01,2024,10,Richards Bay,Paradip,Panamax,Coal,64500,72000,26.57,528.01,99.69,Autumn,0.92,6900,23.96,1.91,2.45,83.9,27016,2.58,14.5,290,45,101,2.59,0.91,Stable
2024-10-01,2024,10,Richards Bay,Paradip,Capesize,Coal,139500,160000,20.15,528.01,99.69,Autumn,0.92,6900,22.12,1.91,2.45,83.9,27016,2.58,14.5,290,45,141,2.98,-3.82,Decreasing
2024-10-01,2024,10,Indonesia,Paradip,Handysize,Coal,36500,38000,23.93,528.01,99.69,Autumn,0.92,3000,10.42,1.03,1.04,90.3,27664,3.26,14.5,290,45,247,1.21,2.57,Increasing
2024-10-01,2024,10,Indonesia,Paradip,Supramax,Coal,50000,58000,20.61,528.01,99.69,Autumn,0.92,3000,10.42,1.03,1.04,90.3,27664,3.26,14.5,290,45,244,1.01,-0.39,Stable
2024-10-01,2024,10,Indonesia,Paradip,Panamax,Coal,67000,72000,18.6,528.01,99.69,Autumn,0.92,3000,10.42,1.03,1.04,90.3,27664,3.26,14.5,290,45,0,1.65,-2.26,Decreasing
2024-10-01,2024,10,Indonesia,Paradip,Capesize,Coal,146000,160000,15.53,528.01,99.69,Autumn,0.92,3000,9.62,1.03,1.04,90.3,27664,3.26,14.5,290,45,153,1.54,2.58,Increasing
2024-10-01,2024,10,Brazil,Dhamra,Handysize,Iron Ore,36000,38000,36.0,528.01,99.69,Autumn,0.92,11000,38.19,2.02,2.34,81.8,26261,2.59,18.0,300,48,260,2.74,-1.02,Stable
2024-10-01,2024,10,Brazil,Dhamra,Supramax,Iron Ore,55500,58000,31.9,528.01,99.69,Autumn,0.92,11000,38.19,2.02,2.34,81.8,26261,2.59,18.0,300,48,19,2.49,-1.3,Stable
2024-10-01,2024,10,Brazil,Dhamra,Panamax,Iron Ore,69000,72000,28.85,528.01,99.69,Autumn,0.92,11000,38.19,2.02,2.34,81.8,26261,2.59,18.0,300,48,254,2.8,-3.06,Decreasing
2024-10-01,2024,10,Brazil,Dhamra,Capesize,Iron Ore,148000,160000,22.52,528.01,99.69,Autumn,0.92,11000,35.26,2.02,2.34,81.8,26261,2.59,18.0,300,48,168,2.12,-3.68,Decreasing
2024-11-01,2024,11,Newcastle,Paradip,Handysize,Coal,35000,38000,27.3,539.08,112.93,Autumn,0.9307,4200,14.58,1.43,2.35,81.3,28823,3.72,14.5,290,45,199,2.82,2.71,Increasing
2024-11-01,2024,11,Newcastle,Paradip,Supramax,Coal,53500,58000,25.59,539.08,112.93,Autumn,0.9307,4200,14.58,1.43,2.35,81.3,28823,3.72,14.5,290,45,26,2.24,7.66,Increasing
2024-11-01,2024,11,Newcastle,Paradip,Panamax,Coal,68000,72000,22.39,539.08,112.93,Autumn,0.9307,4200,14.58,1.43,2.35,81.3,28823,3.72,14.5,290,45,102,2.81,3.85,Increasing
2024-11-01,2024,11,Newcastle,Paradip,Capesize,Coal,153000,160000,18.8,539.08,112.93,Autumn,0.9307,4200,13.46,1.43,2.35,81.3,28823,3.72,14.5,290,45,150,2.76,3.52,Increasing
2024-11-01,2024,11,Newcastle,Dhamra,Handysize,Coal,33000,38000,30.32,539.08,112.93,Autumn,0.9307,4250,14.76,2.05,3.17,84.8,27559,2.19,18.0,300,48,170,3.75,6.35,Increasing
2024-11-01,2024,11,Newcastle,Dhamra,Supramax,Coal,56500,58000,25.69,539.08,112.93,Autumn,0.9307,4250,14.76,2.05,3.17,84.8,27559,2.19,18.0,300,48,112,3.78,4.56,Increasing
2024-11-01,2024,11,Newcastle,Dhamra,Panamax,Coal,67500,72000,23.54,539.08,112.93,Autumn,0.9307,4250,14.76,2.05,3.17,84.8,27559,2.19,18.0,300,48,0,3.65,11.88,Increasing
2024-11-01,2024,11,Newcastle,Dhamra,Capesize,Coal,147500,160000,19.92,539.08,112.93,Autumn,0.9307,4250,13.62,2.05,3.17,84.8,27559,2.19,18.0,300,48,209,3.6,13.12,Increasing
2024-11-01,2024,11,Gladstone,Paradip,Handysize,Coal,37000,38000,30.51,539.08,112.93,Autumn,0.9307,4800,16.67,2.57,2.53,80.4,27194,3.41,14.5,290,45,96,3.01,7.96,Increasing
2024-11-01,2024,11,Gladstone,Paradip,Supramax,Coal,55500,58000,26.6,539.08,112.93,Autumn,0.9307,4800,16.67,2.57,2.53,80.4,27194,3.41,14.5,290,45,203,3.07,-0.97,Stable
2024-11-01,2024,11,Gladstone,Paradip,Panamax,Coal,65500,72000,24.76,539.08,112.93,Autumn,0.9307,4800,16.67,2.57,2.53,80.4,27194,3.41,14.5,290,45,229,3.04,7.61,Increasing
2024-11-01,2024,11,Gladstone,Paradip,Capesize,Coal,156000,160000,18.9,539.08,112.93,Autumn,0.9307,4800,15.38,2.57,2.53,80.4,27194,3.41,14.5,290,45,197,2.7,2.38,Increasing
2024-11-01,2024,11,Richards Bay,Paradip,Handysize,Coal,36000,38000,32.82,539.08,112.93,Autumn,0.9307,6900,23.96,1.69,1.91,81.1,27825,2.13,14.5,290,45,33,2.5,0.4,Stable
2024-11-01,2024,11,Richards Bay,Paradip,Supramax,Coal,53000,58000,28.6,539.08,112.93,Autumn,0.9307,6900,23.96,1.69,1.91,81.1,27825,2.13,14.5,290,45,195,2.27,-1.68,Stable
2024-11-01,2024,11,Richards Bay,Paradip,Panamax,Coal,70000,72000,26.24,539.08,112.93,Autumn,0.9307,6900,23.96,1.69,1.91,81.1,27825,2.13,14.5,290,45,91,2.76,-1.24,Stable
2024-11-01,2024,11,Richards Bay,Paradip,Capesize,Coal,151500,160000,20.8,539.08,112.93,Autumn,0.9307,6900,22.12,1.69,1.91,81.1,27825,2.13,14.5,290,45,237,2.28,3.23,Increasing
2024-11-01,2024,11,Indonesia,Paradip,Handysize,Coal,36500,38000,23.94,539.08,112.93,Autumn,0.9307,3000,10.42,2.52,3.71,75.0,27058,2.46,14.5,290,45,2,4.02,0.04,Stable
2024-11-01,2024,11,Indonesia,Paradip,Supramax,Coal,51500,58000,21.53,539.08,112.93,Autumn,0.9307,3000,10.42,2.52,3.71,75.0,27058,2.46,14.5,290,45,200,3.94,4.46,Increasing
2024-11-01,2024,11,Indonesia,Paradip,Panamax,Coal,64500,72000,19.88,539.08,112.93,Autumn,0.9307,3000,10.42,2.52,3.71,75.0,27058,2.46,14.5,290,45,229,3.74,6.88,Increasing
2024-11-01,2024,11,Indonesia,Paradip,Capesize,Coal,154500,160000,16.82,539.08,112.93,Autumn,0.9307,3000,9.62,2.52,3.71,75.0,27058,2.46,14.5,290,45,236,4.47,8.31,Increasing
2024-11-01,2024,11,Brazil,Dhamra,Handysize,Iron Ore,37000,38000,37.23,539.08,112.93,Autumn,0.9307,11000,38.19,3.51,3.56,66.9,25788,2.65,18.0,300,48,181,4.54,3.42,Increasing
2024-11-01,2024,11,Brazil,Dhamra,Supramax,Iron Ore,56500,58000,32.92,539.08,112.93,Autumn,0.9307,11000,38.19,3.51,3.56,66.9,25788,2.65,18.0,300,48,318,4.28,3.2,Increasing
2024-11-01,2024,11,Brazil,Dhamra,Panamax,Iron Ore,71000,72000,30.09,539.08,112.93,Autumn,0.9307,11000,38.19,3.51,3.56,66.9,25788,2.65,18.0,300,48,332,4.85,4.3,Increasing
2024-11-01,2024,11,Brazil,Dhamra,Capesize,Iron Ore,154500,160000,24.39,539.08,112.93,Autumn,0.9307,11000,35.26,3.51,3.56,66.9,25788,2.65,18.0,300,48,307,4.1,8.3,Increasing
2024-12-01,2024,12,Newcastle,Paradip,Handysize,Coal,33000,38000,29.31,555.02,117.14,Winter,0.96,4200,14.58,2.21,2.96,77.1,27756,2.43,14.5,290,45,196,3.78,7.36,Increasing
2024-12-01,2024,12,Newcastle,Paradip,Supramax,Coal,53000,58000,24.34,555.02,117.14,Winter,0.96,4200,14.58,2.21,2.96,77.1,27756,2.43,14.5,290,45,88,3.02,-4.88,Decreasing
2024-12-01,2024,12,Newcastle,Paradip,Panamax,Coal,70500,72000,24.04,555.02,117.14,Winter,0.96,4200,14.58,2.21,2.96,77.1,27756,2.43,14.5,290,45,185,3.66,7.37,Increasing
2024-12-01,2024,12,Newcastle,Paradip,Capesize,Coal,151000,160000,18.45,555.02,117.14,Winter,0.96,4200,13.46,2.21,2.96,77.1,27756,2.43,14.5,290,45,133,3.28,-1.86,Stable
2024-12-01,2024,12,Newcastle,Dhamra,Handysize,Coal,34500,38000,29.12,555.02,117.14,Winter,0.96,4250,14.76,1.81,2.34,83.3,27888,1.98,18.0,300,48,165,2.85,-3.96,Decreasing
2024-12-01,2024,12,Newcastle,Dhamra,Supramax,Coal,52500,58000,25.85,555.02,117.14,Winter,0.96,4250,14.76,1.81,2.34,83.3,27888,1.98,18.0,300,48,178,2.48,0.62,Stable
2024-12-01,2024,12,Newcastle,Dhamra,Panamax,Coal,66500,72000,23.47,555.02,117.14,Winter,0.96,4250,14.76,1.81,2.34,83.3,27888,1.98,18.0,300,48,69,2.75,-0.3,Stable
2024-12-01,2024,12,Newcastle,Dhamra,Capesize,Coal,146000,160000,19.6,555.02,117.14,Winter,0.96,4250,13.62,1.81,2.34,83.3,27888,1.98,18.0,300,48,347,2.45,-1.61,Stable
2024-12-01,2024,12,Gladstone,Paradip,Handysize,Coal,34000,38000,31.46,555.02,117.14,Winter,0.96,4800,16.67,2.96,2.96,69.2,26785,2.52,14.5,290,45,77,3.7,3.11,Increasing
2024-12-01,2024,12,Gladstone,Paradip,Supramax,Coal,53000,58000,27.85,555.02,117.14,Winter,0.96,4800,16.67,2.96,2.96,69.2,26785,2.52,14.5,290,45,132,3.47,4.7,Increasing
2024-12-01,2024,12,Gladstone,Paradip,Panamax,Coal,68000,72000,24.25,555.02,117.14,Winter,0.96,4800,16.67,2.96,2.96,69.2,26785,2.52,14.5,290,45,176,3.88,-2.06,Decreasing
2024-12-01,2024,12,Gladstone,Paradip,Capesize,Coal,146500,160000,21.0,555.02,117.14,Winter,0.96,4800,15.38,2.96,2.96,69.2,26785,2.52,14.5,290,45,279,3.29,11.11,Increasing
2024-12-01,2024,12,Richards Bay,Paradip,Handysize,Coal,34000,38000,32.94,555.02,117.14,Winter,0.96,6900,23.96,1.87,2.39,85.7,27785,1.73,14.5,290,45,247,2.58,0.37,Stable
2024-12-01,2024,12,Richards Bay,Paradip,Supramax,Coal,54500,58000,29.95,555.02,117.14,Winter,0.96,6900,23.96,1.87,2.39,85.7,27785,1.73,14.5,290,45,121,2.72,4.72,Increasing
2024-12-01,2024,12,Richards Bay,Paradip,Panamax,Coal,67500,72000,26.89,555.02,117.14,Winter,0.96,6900,23.96,1.87,2.39,85.7,27785,1.73,14.5,290,45,207,2.67,2.48,Increasing
2024-12-01,2024,12,Richards Bay,Paradip,Capesize,Coal,150500,160000,20.96,555.02,117.14,Winter,0.96,6900,22.12,1.87,2.39,85.7,27785,1.73,14.5,290,45,41,2.79,0.77,Stable
2024-12-01,2024,12,Indonesia,Paradip,Handysize,Coal,35500,38000,25.76,555.02,117.14,Winter,0.96,3000,10.42,3.71,3.54,64.2,26059,1.61,14.5,290,45,176,4.23,7.6,Increasing
2024-12-01,2024,12,Indonesia,Paradip,Supramax,Coal,52000,58000,22.65,555.02,117.14,Winter,0.96,3000,10.42,3.71,3.54,64.2,26059,1.61,14.5,290,45,319,3.9,5.2,Increasing
2024-12-01,2024,12,Indonesia,Paradip,Panamax,Coal,64500,72000,21.64,555.02,117.14,Winter,0.96,3000,10.42,3.71,3.54,64.2,26059,1.61,14.5,290,45,201,4.49,8.85,Increasing
2024-12-01,2024,12,Indonesia,Paradip,Capesize,Coal,149500,160000,16.58,555.02,117.14,Winter,0.96,3000,9.62,3.71,3.54,64.2,26059,1.61,14.5,290,45,285,3.99,-1.43,Stable
2024-12-01,2024,12,Brazil,Dhamra,Handysize,Iron Ore,35000,38000,37.74,555.02,117.14,Winter,0.96,11000,38.19,2.74,2.89,74.9,26529,1.34,18.0,300,48,287,3.61,1.37,Stable
2024-12-01,2024,12,Brazil,Dhamra,Supramax,Iron Ore,56000,58000,33.21,555.02,117.14,Winter,0.96,11000,38.19,2.74,2.89,74.9,26529,1.34,18.0,300,48,21,3.88,0.88,Stable
2024-12-01,2024,12,Brazil,Dhamra,Panamax,Iron Ore,67500,72000,29.61,555.02,117.14,Winter,0.96,11000,38.19,2.74,2.89,74.9,26529,1.34,18.0,300,48,193,3.68,-1.6,Stable
2024-12-01,2024,12,Brazil,Dhamra,Capesize,Iron Ore,152000,160000,25.26,555.02,117.14,Winter,0.96,11000,35.26,2.74,2.89,74.9,26529,1.34,18.0,300,48,246,3.12,3.57,Increasing
2025-01-01,2025,1,Newcastle,Paradip,Handysize,Coal,34000,38000,29.59,556.41,125.33,Winter,1.0,4200,14.58,2.72,2.51,73.5,26488,1.16,14.5,290,45,343,3.47,0.96,Stable
2025-01-01,2025,1,Newcastle,Paradip,Supramax,Coal,52500,58000,27.56,556.41,125.33,Winter,1.0,4200,14.58,2.72,2.51,73.5,26488,1.16,14.5,290,45,128,3.03,13.23,Increasing
2025-01-01,2025,1,Newcastle,Paradip,Panamax,Coal,67500,72000,23.36,556.41,125.33,Winter,1.0,4200,14.58,2.72,2.51,73.5,26488,1.16,14.5,290,45,238,3.03,-2.83,Decreasing
2025-01-01,2025,1,Newcastle,Paradip,Capesize,Coal,148000,160000,18.34,556.41,125.33,Winter,1.0,4200,13.46,2.72,2.51,73.5,26488,1.16,14.5,290,45,88,2.59,-0.6,Stable
2025-01-01,2025,1,Newcastle,Dhamra,Handysize,Coal,35000,38000,31.23,556.41,125.33,Winter,1.0,4250,14.76,2.81,2.67,77.0,27471,1.27,18.0,300,48,310,3.3,7.25,Increasing
2025-01-01,2025,1,Newcastle,Dhamra,Supramax,Coal,54000,58000,26.07,556.41,125.33,Winter,1.0,4250,14.76,2.81,2.67,77.0,27471,1.27,18.0,300,48,191,3.38,0.85,Stable
2025-01-01,2025,1,Newcastle,Dhamra,Panamax,Coal,66500,72000,24.76,556.41,125.33,Winter,1.0,4250,14.76,2.81,2.67,77.0,27471,1.27,18.0,300,48,130,3.13,5.5,Increasing
2025-01-01,2025,1,Newcastle,Dhamra,Capesize,Coal,138500,160000,19.71,556.41,125.33,Winter,1.0,4250,13.62,2.81,2.67,77.0,27471,1.27,18.0,300,48,237,3.01,0.56,Stable
2025-01-01,2025,1,Gladstone,Paradip,Handysize,Coal,36500,38000,33.44,556.41,125.33,Winter,1.0,4800,16.67,2.83,2.84,72.8,25948,1.58,14.5,290,45,111,3.47,6.29,Increasing
2025-01-01,2025,1,Gladstone,Paradip,Supramax,Coal,55500,58000,28.87,556.41,125.33,Winter,1.0,4800,16.67,2.83,2.84,72.8,25948,1.58,14.5,290,45,24,3.6,3.66,Increasing
2025-01-01,2025,1,Gladstone,Paradip,Panamax,Coal,66500,72000,25.4,556.41,125.33,Winter,1.0,4800,16.67,2.83,2.84,72.8,25948,1.58,14.5,290,45,371,3.42,4.74,Increasing
2025-01-01,2025,1,Gladstone,Paradip,Capesize,Coal,148500,160000,19.11,556.41,125.33,Winter,1.0,4800,15.38,2.83,2.84,72.8,25948,1.58,14.5,290,45,271,3.01,-9.0,Decreasing
2025-01-01,2025,1,Richards Bay,Paradip,Handysize,Coal,35500,38000,34.94,556.41,125.33,Winter,1.0,6900,23.96,2.25,2.49,79.9,27192,2.11,14.5,290,45,171,2.92,6.07,Increasing
2025-01-01,2025,1,Richards Bay,Paradip,Supramax,Coal,56000,58000,31.36,556.41,125.33,Winter,1.0,6900,23.96,2.25,2.49,79.9,27192,2.11,14.5,290,45,199,2.81,4.71,Increasing
2025-01-01,2025,1,Richards Bay,Paradip,Panamax,Coal,69500,72000,27.59,556.41,125.33,Winter,1.0,6900,23.96,2.25,2.49,79.9,27192,2.11,14.5,290,45,73,2.8,2.6,Increasing
2025-01-01,2025,1,Richards Bay,Paradip,Capesize,Coal,151000,160000,22.99,556.41,125.33,Winter,1.0,6900,22.12,2.25,2.49,79.9,27192,2.11,14.5,290,45,145,2.6,9.69,Increasing
2025-01-01,2025,1,Indonesia,Paradip,Handysize,Coal,34000,38000,26.11,556.41,125.33,Winter,1.0,3000,10.42,2.83,3.15,75.7,27316,1.49,14.5,290,45,76,3.83,1.36,Stable
2025-01-01,2025,1,Indonesia,Paradip,Supramax,Coal,57000,58000,22.86,556.41,125.33,Winter,1.0,3000,10.42,2.83,3.15,75.7,27316,1.49,14.5,290,45,140,4.02,0.93,Stable
2025-01-01,2025,1,Indonesia,Paradip,Panamax,Coal,69000,72000,21.26,556.41,125.33,Winter,1.0,3000,10.42,2.83,3.15,75.7,27316,1.49,14.5,290,45,64,3.83,-1.76,Stable
2025-01-01,2025,1,Indonesia,Paradip,Capesize,Coal,146000,160000,16.17,556.41,125.33,Winter,1.0,3000,9.62,2.83,3.15,75.7,27316,1.49,14.5,290,45,132,3.51,-2.47,Decreasing
2025-01-01,2025,1,Brazil,Dhamra,Handysize,Iron Ore,36500,38000,39.67,556.41,125.33,Winter,1.0,11000,38.19,2.68,2.47,77.4,25423,1.88,18.0,300,48,228,2.94,5.11,Increasing
2025-01-01,2025,1,Brazil,Dhamra,Supramax,Iron Ore,54500,58000,34.71,556.41,125.33,Winter,1.0,11000,38.19,2.68,2.47,77.4,25423,1.88,18.0,300,48,256,2.64,4.52,Increasing
2025-01-01,2025,1,Brazil,Dhamra,Panamax,Iron Ore,69000,72000,32.28,556.41,125.33,Winter,1.0,11000,38.19,2.68,2.47,77.4,25423,1.88,18.0,300,48,217,3.54,9.02,Increasing
2025-01-01,2025,1,Brazil,Dhamra,Capesize,Iron Ore,150000,160000,26.05,556.41,125.33,Winter,1.0,11000,35.26,2.68,2.47,77.4,25423,1.88,18.0,300,48,151,3.26,3.13,Increasing
2025-02-01,2025,2,Newcastle,Paradip,Handysize,Coal,35000,38000,33.18,591.91,122.64,Winter,1.04,4200,14.58,2.4,2.24,78.4,28100,0.7,14.5,290,45,51,2.56,12.13,Increasing
2025-02-01,2025,2,Newcastle,Paradip,Supramax,Coal,54000,58000,27.89,591.91,122.64,Winter,1.04,4200,14.58,2.4,2.24,78.4,28100,0.7,14.5,290,45,166,2.85,1.2,Stable
2025-02-01,2025,2,Newcastle,Paradip,Panamax,Coal,66500,72000,25.44,591.91,122.64,Winter,1.04,4200,14.58,2.4,2.24,78.4,28100,0.7,14.5,290,45,156,2.44,8.9,Increasing
2025-02-01,2025,2,Newcastle,Paradip,Capesize,Coal,150000,160000,20.48,591.91,122.64,Winter,1.04,4200,13.46,2.4,2.24,78.4,28100,0.7,14.5,290,45,146,2.68,11.67,Increasing
2025-02-01,2025,2,Newcastle,Dhamra,Handysize,Coal,38000,38000,32.51,591.91,122.64,Winter,1.04,4250,14.76,2.71,2.85,71.4,26246,1.6,18.0,300,48,51,3.52,4.1,Increasing
2025-02-01,2025,2,Newcastle,Dhamra,Supramax,Coal,51000,58000,28.77,591.91,122.64,Winter,1.04,4250,14.76,2.71,2.85,71.4,26246,1.6,18.0,300,48,331,2.95,10.36,Increasing
2025-02-01,2025,2,Newcastle,Dhamra,Panamax,Coal,63500,72000,25.11,591.91,122.64,Winter,1.04,4250,14.76,2.71,2.85,71.4,26246,1.6,18.0,300,48,231,3.62,1.41,Stable
2025-02-01,2025,2,Newcastle,Dhamra,Capesize,Coal,148000,160000,21.86,591.91,122.64,Winter,1.04,4250,13.62,2.71,2.85,71.4,26246,1.6,18.0,300,48,271,3.78,10.91,Increasing
2025-02-01,2025,2,Gladstone,Paradip,Handysize,Coal,34500,38000,35.39,591.91,122.64,Winter,1.04,4800,16.67,2.53,2.05,74.7,26782,0.55,14.5,290,45,261,2.46,5.83,Increasing
2025-02-01,2025,2,Gladstone,Paradip,Supramax,Coal,56500,58000,30.27,591.91,122.64,Winter,1.04,4800,16.67,2.53,2.05,74.7,26782,0.55,14.5,290,45,165,2.73,4.85,Increasing
2025-02-01,2025,2,Gladstone,Paradip,Panamax,Coal,68000,72000,28.7,591.91,122.64,Winter,1.04,4800,16.67,2.53,2.05,74.7,26782,0.55,14.5,290,45,44,2.37,12.99,Increasing
2025-02-01,2025,2,Gladstone,Paradip,Capesize,Coal,150000,160000,22.37,591.91,122.64,Winter,1.04,4800,15.38,2.53,2.05,74.7,26782,0.55,14.5,290,45,261,2.49,17.06,Increasing
2025-02-01,2025,2,Richards Bay,Paradip,Handysize,Coal,33000,38000,36.81,591.91,122.64,Winter,1.04,6900,23.96,1.88,2.6,76.1,27737,1.34,14.5,290,45,87,3.14,5.35,Increasing
2025-02-01,2025,2,Richards Bay,Paradip,Supramax,Coal,54500,58000,31.38,591.91,122.64,Winter,1.04,6900,23.96,1.88,2.6,76.1,27737,1.34,14.5,290,45,230,2.58,0.06,Stable
2025-02-01,2025,2,Richards Bay,Paradip,Panamax,Coal,68500,72000,28.63,591.91,122.64,Winter,1.04,6900,23.96,1.88,2.6,76.1,27737,1.34,14.5,290,45,130,3.06,3.77,Increasing
2025-02-01,2025,2,Richards Bay,Paradip,Capesize,Coal,153000,160000,24.66,591.91,122.64,Winter,1.04,6900,22.12,1.88,2.6,76.1,27737,1.34,14.5,290,45,153,3.01,7.26,Increasing
2025-02-01,2025,2,Indonesia,Paradip,Handysize,Coal,35500,38000,28.45,591.91,122.64,Winter,1.04,3000,10.42,2.43,2.83,76.4,25827,1.18,14.5,290,45,105,2.94,8.96,Increasing
2025-02-01,2025,2,Indonesia,Paradip,Supramax,Coal,57000,58000,24.92,591.91,122.64,Winter,1.04,3000,10.42,2.43,2.83,76.4,25827,1.18,14.5,290,45,141,2.98,9.01,Increasing
2025-02-01,2025,2,Indonesia,Paradip,Panamax,Coal,66000,72000,23.25,591.91,122.64,Winter,1.04,3000,10.42,2.43,2.83,76.4,25827,1.18,14.5,290,45,171,3.12,9.36,Increasing
2025-02-01,2025,2,Indonesia,Paradip,Capesize,Coal,153000,160000,17.57,591.91,122.64,Winter,1.04,3000,9.62,2.43,2.83,76.4,25827,1.18,14.5,290,45,280,3.6,8.66,Increasing
2025-02-01,2025,2,Brazil,Dhamra,Handysize,Iron Ore,35000,38000,42.12,591.91,122.64,Winter,1.04,11000,38.19,2.41,2.53,73.0,26171,0.5,18.0,300,48,52,2.89,6.18,Increasing
2025-02-01,2025,2,Brazil,Dhamra,Supramax,Iron Ore,55500,58000,37.09,591.91,122.64,Winter,1.04,11000,38.19,2.41,2.53,73.0,26171,0.5,18.0,300,48,8,2.93,6.86,Increasing
2025-02-01,2025,2,Brazil,Dhamra,Panamax,Iron Ore,64500,72000,33.82,591.91,122.64,Winter,1.04,11000,38.19,2.41,2.53,73.0,26171,0.5,18.0,300,48,222,2.74,4.77,Increasing
2025-02-01,2025,2,Brazil,Dhamra,Capesize,Iron Ore,149000,160000,26.41,591.91,122.64,Winter,1.04,11000,35.26,2.41,2.53,73.0,26171,0.5,18.0,300,48,0,3.05,1.38,Stable
2025-03-01,2025,3,Newcastle,Paradip,Handysize,Coal,34000,38000,32.81,616.23,125.37,Spring,1.0693,4200,14.58,1.96,1.84,77.4,28346,0.5,14.5,290,45,129,1.87,-1.12,Stable
2025-03-01,2025,3,Newcastle,Paradip,Supramax,Coal,54000,58000,28.82,616.23,125.37,Spring,1.0693,4200,14.58,1.96,1.84,77.4,28346,0.5,14.5,290,45,63,2.39,3.33,Increasing
2025-03-01,2025,3,Newcastle,Paradip,Panamax,Coal,66000,72000,25.29,616.23,125.37,Spring,1.0693,4200,14.58,1.96,1.84,77.4,28346,0.5,14.5,290,45,202,2.03,-0.59,Stable
2025-03-01,2025,3,Newcastle,Paradip,Capesize,Coal,150500,160000,20.52,616.23,125.37,Spring,1.0693,4200,13.46,1.96,1.84,77.4,28346,0.5,14.5,290,45,170,1.6,0.2,Stable
2025-03-01,2025,3,Newcastle,Dhamra,Handysize,Coal,35500,38000,33.98,616.23,125.37,Spring,1.0693,4250,14.76,1.29,2.02,83.4,28277,1.32,18.0,300,48,0,2.03,4.52,Increasing
2025-03-01,2025,3,Newcastle,Dhamra,Supramax,Coal,54000,58000,29.51,616.23,125.37,Spring,1.0693,4250,14.76,1.29,2.02,83.4,28277,1.32,18.0,300,48,359,2.19,2.57,Increasing
2025-03-01,2025,3,Newcastle,Dhamra,Panamax,Coal,64500,72000,26.49,616.23,125.37,Spring,1.0693,4250,14.76,1.29,2.02,83.4,28277,1.32,18.0,300,48,265,2.28,5.5,Increasing
2025-03-01,2025,3,Newcastle,Dhamra,Capesize,Coal,146000,160000,21.87,616.23,125.37,Spring,1.0693,4250,13.62,1.29,2.02,83.4,28277,1.32,18.0,300,48,213,1.99,0.05,Stable
2025-03-01,2025,3,Gladstone,Paradip,Handysize,Coal,36500,38000,34.52,616.23,125.37,Spring,1.0693,4800,16.67,2.51,3.18,75.8,26738,1.39,14.5,290,45,195,3.29,-2.46,Decreasing
2025-03-01,2025,3,Gladstone,Paradip,Supramax,Coal,56500,58000,30.55,616.23,125.37,Spring,1.0693,4800,16.67,2.51,3.18,75.8,26738,1.39,14.5,290,45,261,3.76,0.93,Stable
2025-03-01,2025,3,Gladstone,Paradip,Panamax,Coal,65000,72000,28.87,616.23,125.37,Spring,1.0693,4800,16.67,2.51,3.18,75.8,26738,1.39,14.5,290,45,284,3.85,0.59,Stable
2025-03-01,2025,3,Gladstone,Paradip,Capesize,Coal,146500,160000,22.3,616.23,125.37,Spring,1.0693,4800,15.38,2.51,3.18,75.8,26738,1.39,14.5,290,45,171,3.46,-0.31,Stable
2025-03-01,2025,3,Richards Bay,Paradip,Handysize,Coal,35000,38000,38.31,616.23,125.37,Spring,1.0693,6900,23.96,3.23,3.5,71.0,25879,0.5,14.5,290,45,314,4.36,4.07,Increasing
2025-03-01,2025,3,Richards Bay,Paradip,Supramax,Coal,55000,58000,33.22,616.23,125.37,Spring,1.0693,6900,23.96,3.23,3.5,71.0,25879,0.5,14.5,290,45,246,4.08,5.86,Increasing
2025-03-01,2025,3,Richards Bay,Paradip,Panamax,Coal,66000,72000,30.71,616.23,125.37,Spring,1.0693,6900,23.96,3.23,3.5,71.0,25879,0.5,14.5,290,45,286,4.46,7.27,Increasing
2025-03-01,2025,3,Richards Bay,Paradip,Capesize,Coal,156500,160000,24.0,616.23,125.37,Spring,1.0693,6900,22.12,3.23,3.5,71.0,25879,0.5,14.5,290,45,315,3.84,-2.68,Decreasing
2025-03-01,2025,3,Indonesia,Paradip,Handysize,Coal,32500,38000,28.67,616.23,125.37,Spring,1.0693,3000,10.42,2.68,2.8,75.2,24908,0.5,14.5,290,45,166,3.19,0.77,Stable
2025-03-01,2025,3,Indonesia,Paradip,Supramax,Coal,52000,58000,24.44,616.23,125.37,Spring,1.0693,3000,10.42,2.68,2.8,75.2,24908,0.5,14.5,290,45,191,3.43,-1.93,Stable
2025-03-01,2025,3,Indonesia,Paradip,Panamax,Coal,67500,72000,23.57,616.23,125.37,Spring,1.0693,3000,10.42,2.68,2.8,75.2,24908,0.5,14.5,290,45,191,3.1,1.38,Stable
2025-03-01,2025,3,Indonesia,Paradip,Capesize,Coal,149000,160000,17.43,616.23,125.37,Spring,1.0693,3000,9.62,2.68,2.8,75.2,24908,0.5,14.5,290,45,151,3.56,-0.8,Stable
2025-03-01,2025,3,Brazil,Dhamra,Handysize,Iron Ore,37000,38000,43.47,616.23,125.37,Spring,1.0693,11000,38.19,2.68,3.47,77.9,26652,0.65,18.0,300,48,216,4.32,3.21,Increasing
2025-03-01,2025,3,Brazil,Dhamra,Supramax,Iron Ore,54000,58000,37.81,616.23,125.37,Spring,1.0693,11000,38.19,2.68,3.47,77.9,26652,0.65,18.0,300,48,263,3.91,1.94,Stable
2025-03-01,2025,3,Brazil,Dhamra,Panamax,Iron Ore,65000,72000,35.59,616.23,125.37,Spring,1.0693,11000,38.19,2.68,3.47,77.9,26652,0.65,18.0,300,48,122,3.99,5.23,Increasing
2025-03-01,2025,3,Brazil,Dhamra,Capesize,Iron Ore,156500,160000,26.95,616.23,125.37,Spring,1.0693,11000,35.26,2.68,3.47,77.9,26652,0.65,18.0,300,48,79,4.01,2.04,Increasing
2025-04-01,2025,4,Newcastle,Paradip,Handysize,Coal,34500,38000,32.66,618.11,117.94,Spring,1.08,4200,14.58,1.65,1.56,83.0,29020,1.76,14.5,290,45,181,1.81,-0.46,Stable
2025-04-01,2025,4,Newcastle,Paradip,Supramax,Coal,52500,58000,30.03,618.11,117.94,Spring,1.08,4200,14.58,1.65,1.56,83.0,29020,1.76,14.5,290,45,110,1.4,4.2,Increasing
2025-04-01,2025,4,Newcastle,Paradip,Panamax,Coal,70500,72000,25.8,618.11,117.94,Spring,1.08,4200,14.58,1.65,1.56,83.0,29020,1.76,14.5,290,45,111,1.42,2.02,Increasing
2025-04-01,2025,4,Newcastle,Paradip,Capesize,Coal,159000,160000,20.27,618.11,117.94,Spring,1.08,4200,13.46,1.65,1.56,83.0,29020,1.76,14.5,290,45,164,2.09,-1.22,Stable
2025-04-01,2025,4,Newcastle,Dhamra,Handysize,Coal,34000,38000,34.37,618.11,117.94,Spring,1.08,4250,14.76,2.03,2.41,77.7,27693,0.5,18.0,300,48,214,3.01,1.15,Stable
2025-04-01,2025,4,Newcastle,Dhamra,Supramax,Coal,52500,58000,31.35,618.11,117.94,Spring,1.08,4250,14.76,2.03,2.41,77.7,27693,0.5,18.0,300,48,221,2.77,6.24,Increasing
2025-04-01,2025,4,Newcastle,Dhamra,Panamax,Coal,70000,72000,28.64,618.11,117.94,Spring,1.08,4250,14.76,2.03,2.41,77.7,27693,0.5,18.0,300,48,44,2.72,8.12,Increasing
2025-04-01,2025,4,Newcastle,Dhamra,Capesize,Coal,139000,160000,21.93,618.11,117.94,Spring,1.08,4250,13.62,2.03,2.41,77.7,27693,0.5,18.0,300,48,189,2.76,0.27,Stable
2025-04-01,2025,4,Gladstone,Paradip,Handysize,Coal,35500,38000,34.41,618.11,117.94,Spring,1.08,4800,16.67,1.44,1.21,88.1,27858,1.15,14.5,290,45,196,1.37,-0.32,Stable
2025-04-01,2025,4,Gladstone,Paradip,Supramax,Coal,53000,58000,30.28,618.11,117.94,Spring,1.08,4800,16.67,1.44,1.21,88.1,27858,1.15,14.5,290,45,128,1.56,-0.88,Stable
2025-04-01,2025,4,Gladstone,Paradip,Panamax,Coal,65000,72000,27.59,618.11,117.94,Spring,1.08,4800,16.67,1.44,1.21,88.1,27858,1.15,14.5,290,45,156,1.19,-4.43,Decreasing
2025-04-01,2025,4,Gladstone,Paradip,Capesize,Coal,159000,160000,21.91,618.11,117.94,Spring,1.08,4800,15.38,1.44,1.21,88.1,27858,1.15,14.5,290,45,106,1.22,-1.75,Stable
2025-04-01,2025,4,Richards Bay,Paradip,Handysize,Coal,35500,38000,38.78,618.11,117.94,Spring,1.08,6900,23.96,2.79,3.26,76.5,26793,0.5,14.5,290,45,100,3.85,1.23,Stable
2025-04-01,2025,4,Richards Bay,Paradip,Supramax,Coal,53500,58000,35.24,618.11,117.94,Spring,1.08,6900,23.96,2.79,3.26,76.5,26793,0.5,14.5,290,45,58,4.15,6.08,Increasing
2025-04-01,2025,4,Richards Bay,Paradip,Panamax,Coal,67500,72000,30.86,618.11,117.94,Spring,1.08,6900,23.96,2.79,3.26,76.5,26793,0.5,14.5,290,45,226,3.61,0.49,Stable
2025-04-01,2025,4,Richards Bay,Paradip,Capesize,Coal,154500,160000,22.79,618.11,117.94,Spring,1.08,6900,22.12,2.79,3.26,76.5,26793,0.5,14.5,290,45,102,3.54,-5.04,Decreasing
2025-04-01,2025,4,Indonesia,Paradip,Handysize,Coal,34000,38000,29.08,618.11,117.94,Spring,1.08,3000,10.42,1.11,1.57,88.9,28836,1.15,14.5,290,45,169,2.0,1.43,Stable
2025-04-01,2025,4,Indonesia,Paradip,Supramax,Coal,56000,58000,25.04,618.11,117.94,Spring,1.08,3000,10.42,1.11,1.57,88.9,28836,1.15,14.5,290,45,88,1.61,2.45,Increasing
2025-04-01,2025,4,Indonesia,Paradip,Panamax,Coal,66500,72000,22.41,618.11,117.94,Spring,1.08,3000,10.42,1.11,1.57,88.9,28836,1.15,14.5,290,45,181,1.95,-4.92,Decreasing
2025-04-01,2025,4,Indonesia,Paradip,Capesize,Coal,150000,160000,18.4,618.11,117.94,Spring,1.08,3000,9.62,1.11,1.57,88.9,28836,1.15,14.5,290,45,171,1.64,5.57,Increasing
2025-04-01,2025,4,Brazil,Dhamra,Handysize,Iron Ore,34500,38000,43.98,618.11,117.94,Spring,1.08,11000,38.19,1.29,1.18,86.9,27959,0.61,18.0,300,48,201,1.15,1.17,Stable
2025-04-01,2025,4,Brazil,Dhamra,Supramax,Iron Ore,56500,58000,38.57,618.11,117.94,Spring,1.08,11000,38.19,1.29,1.18,86.9,27959,0.61,18.0,300,48,69,1.21,2.01,Increasing
2025-04-01,2025,4,Brazil,Dhamra,Panamax,Iron Ore,70500,72000,33.92,618.11,117.94,Spring,1.08,11000,38.19,1.29,1.18,86.9,27959,0.61,18.0,300,48,0,1.07,-4.69,Decreasing
2025-04-01,2025,4,Brazil,Dhamra,Capesize,Iron Ore,151000,160000,26.52,618.11,117.94,Spring,1.08,11000,35.26,1.29,1.18,86.9,27959,0.61,18.0,300,48,126,1.42,-1.6,Stable
2025-05-01,2025,5,Newcastle,Paradip,Handysize,Coal,36500,38000,33.51,664.55,112.93,Spring,1.0693,4200,14.58,2.09,2.97,74.4,27820,1.54,14.5,290,45,299,3.57,2.6,Increasing
2025-05-01,2025,5,Newcastle,Paradip,Supramax,Coal,55500,58000,30.01,664.55,112.93,Spring,1.0693,4200,14.58,2.09,2.97,74.4,27820,1.54,14.5,290,45,186,2.73,-0.07,Stable
2025-05-01,2025,5,Newcastle,Paradip,Panamax,Coal,66500,72000,27.35,664.55,112.93,Spring,1.0693,4200,14.58,2.09,2.97,74.4,27820,1.54,14.5,290,45,95,3.29,6.01,Increasing
2025-05-01,2025,5,Newcastle,Paradip,Capesize,Coal,145500,160000,22.87,664.55,112.93,Spring,1.0693,4200,13.46,2.09,2.97,74.4,27820,1.54,14.5,290,45,294,3.13,12.83,Increasing
2025-05-01,2025,5,Newcastle,Dhamra,Handysize,Coal,35500,38000,36.42,664.55,112.93,Spring,1.0693,4250,14.76,1.38,1.64,86.2,28911,1.71,18.0,300,48,77,1.46,5.96,Increasing
2025-05-01,2025,5,Newcastle,Dhamra,Supramax,Coal,54000,58000,28.54,664.55,112.93,Spring,1.0693,4250,14.76,1.38,1.64,86.2,28911,1.71,18.0,300,48,40,1.63,-8.96,Decreasing
2025-05-01,2025,5,Newcastle,Dhamra,Panamax,Coal,65500,72000,26.18,664.55,112.93,Spring,1.0693,4250,14.76,1.38,1.64,86.2,28911,1.71,18.0,300,48,201,1.76,-8.59,Decreasing
2025-05-01,2025,5,Newcastle,Dhamra,Capesize,Coal,149500,160000,22.5,664.55,112.93,Spring,1.0693,4250,13.62,1.38,1.64,86.2,28911,1.71,18.0,300,48,98,1.82,2.6,Increasing
2025-05-01,2025,5,Gladstone,Paradip,Handysize,Coal,37500,38000,35.74,664.55,112.93,Spring,1.0693,4800,16.67,1.5,1.3,84.9,28543,0.5,14.5,290,45,225,1.52,3.87,Increasing
2025-05-01,2025,5,Gladstone,Paradip,Supramax,Coal,55000,58000,32.15,664.55,112.93,Spring,1.0693,4800,16.67,1.5,1.3,84.9,28543,0.5,14.5,290,45,0,1.67,6.18,Increasing
2025-05-01,2025,5,Gladstone,Paradip,Panamax,Coal,72000,72000,28.16,664.55,112.93,Spring,1.0693,4800,16.67,1.5,1.3,84.9,28543,0.5,14.5,290,45,292,1.41,2.07,Increasing
2025-05-01,2025,5,Gladstone,Paradip,Capesize,Coal,150000,160000,22.66,664.55,112.93,Spring,1.0693,4800,15.38,1.5,1.3,84.9,28543,0.5,14.5,290,45,0,1.27,3.42,Increasing
2025-05-01,2025,5,Richards Bay,Paradip,Handysize,Coal,34500,38000,39.37,664.55,112.93,Spring,1.0693,6900,23.96,0.7,1.58,91.2,29741,1.84,14.5,290,45,160,1.72,1.52,Stable
2025-05-01,2025,5,Richards Bay,Paradip,Supramax,Coal,54000,58000,33.84,664.55,112.93,Spring,1.0693,6900,23.96,0.7,1.58,91.2,29741,1.84,14.5,290,45,126,1.95,-3.97,Decreasing
2025-05-01,2025,5,Richards Bay,Paradip,Panamax,Coal,65000,72000,29.28,664.55,112.93,Spring,1.0693,6900,23.96,0.7,1.58,91.2,29741,1.84,14.5,290,45,214,1.68,-5.12,Decreasing
2025-05-01,2025,5,Richards Bay,Paradip,Capesize,Coal,148000,160000,24.98,664.55,112.93,Spring,1.0693,6900,22.12,0.7,1.58,91.2,29741,1.84,14.5,290,45,111,1.66,9.61,Increasing
2025-05-01,2025,5,Indonesia,Paradip,Handysize,Coal,33500,38000,28.77,664.55,112.93,Spring,1.0693,3000,10.42,2.07,3.0,78.7,28378,2.19,14.5,290,45,0,3.79,-1.07,Stable
2025-05-01,2025,5,Indonesia,Paradip,Supramax,Coal,53000,58000,25.58,664.55,112.93,Spring,1.0693,3000,10.42,2.07,3.0,78.7,28378,2.19,14.5,290,45,87,3.54,2.16,Increasing
2025-05-01,2025,5,Indonesia,Paradip,Panamax,Coal,67000,72000,22.33,664.55,112.93,Spring,1.0693,3000,10.42,2.07,3.0,78.7,28378,2.19,14.5,290,45,195,3.01,-0.36,Stable
2025-05-01,2025,5,Indonesia,Paradip,Capesize,Coal,146500,160000,17.48,664.55,112.93,Spring,1.0693,3000,9.62,2.07,3.0,78.7,28378,2.19,14.5,290,45,46,3.41,-5.0,Decreasing
2025-05-01,2025,5,Brazil,Dhamra,Handysize,Iron Ore,37500,38000,42.67,664.55,112.93,Spring,1.0693,11000,38.19,0.22,0.37,92.9,31131,1.4,18.0,300,48,204,0.6,-2.98,Decreasing
2025-05-01,2025,5,Brazil,Dhamra,Supramax,Iron Ore,53500,58000,36.33,664.55,112.93,Spring,1.0693,11000,38.19,0.22,0.37,92.9,31131,1.4,18.0,300,48,159,0.36,-5.81,Decreasing
2025-05-01,2025,5,Brazil,Dhamra,Panamax,Iron Ore,66500,72000,34.11,664.55,112.93,Spring,1.0693,11000,38.19,0.22,0.37,92.9,31131,1.4,18.0,300,48,99,0.2,0.56,Stable
2025-05-01,2025,5,Brazil,Dhamra,Capesize,Iron Ore,152500,160000,27.46,664.55,112.93,Spring,1.0693,11000,35.26,0.22,0.37,92.9,31131,1.4,18.0,300,48,65,0.64,3.54,Increasing
2025-06-01,2025,6,Newcastle,Paradip,Handysize,Coal,35500,38000,32.01,618.39,107.07,Summer,1.04,4200,14.58,0.58,1.0,89.2,31008,2.94,14.5,290,45,198,1.74,-4.48,Decreasing
2025-06-01,2025,6,Newcastle,Paradip,Supramax,Coal,53000,58000,26.87,618.39,107.07,Summer,1.04,4200,14.58,0.58,1.0,89.2,31008,2.94,14.5,290,45,99,1.11,-10.46,Decreasing
2025-06-01,2025,6,Newcastle,Paradip,Panamax,Coal,64000,72000,25.08,618.39,107.07,Summer,1.04,4200,14.58,0.58,1.0,89.2,31008,2.94,14.5,290,45,295,1.14,-8.3,Decreasing
2025-06-01,2025,6,Newcastle,Paradip,Capesize,Coal,149000,160000,19.83,618.39,107.07,Summer,1.04,4200,13.46,0.58,1.0,89.2,31008,2.94,14.5,290,45,231,0.9,-13.29,Decreasing
2025-06-01,2025,6,Newcastle,Dhamra,Handysize,Coal,36500,38000,32.63,618.39,107.07,Summer,1.04,4250,14.76,1.95,3.03,80.4,28382,2.13,18.0,300,48,117,3.05,-10.41,Decreasing
2025-06-01,2025,6,Newcastle,Dhamra,Supramax,Coal,55000,58000,29.38,618.39,107.07,Summer,1.04,4250,14.76,1.95,3.03,80.4,28382,2.13,18.0,300,48,52,3.27,2.94,Increasing
2025-06-01,2025,6,Newcastle,Dhamra,Panamax,Coal,65000,72000,25.48,618.39,107.07,Summer,1.04,4250,14.76,1.95,3.03,80.4,28382,2.13,18.0,300,48,204,3.2,-2.67,Decreasing
2025-06-01,2025,6,Newcastle,Dhamra,Capesize,Coal,149000,160000,20.03,618.39,107.07,Summer,1.04,4250,13.62,1.95,3.03,80.4,28382,2.13,18.0,300,48,174,3.37,-10.98,Decreasing
2025-06-01,2025,6,Gladstone,Paradip,Handysize,Coal,37500,38000,33.67,618.39,107.07,Summer,1.04,4800,16.67,0.53,1.09,89.7,28327,2.09,14.5,290,45,152,1.44,-5.79,Decreasing
2025-06-01,2025,6,Gladstone,Paradip,Supramax,Coal,58000,58000,28.65,618.39,107.07,Summer,1.04,4800,16.67,0.53,1.09,89.7,28327,2.09,14.5,290,45,195,1.01,-10.89,Decreasing
2025-06-01,2025,6,Gladstone,Paradip,Panamax,Coal,66500,72000,26.19,618.39,107.07,Summer,1.04,4800,16.67,0.53,1.09,89.7,28327,2.09,14.5,290,45,69,1.17,-7.0,Decreasing
2025-06-01,2025,6,Gladstone,Paradip,Capesize,Coal,143500,160000,22.3,618.39,107.07,Summer,1.04,4800,15.38,0.53,1.09,89.7,28327,2.09,14.5,290,45,164,1.29,-1.59,Stable
2025-06-01,2025,6,Richards Bay,Paradip,Handysize,Coal,34000,38000,36.45,618.39,107.07,Summer,1.04,6900,23.96,0.68,1.15,87.7,28936,2.14,14.5,290,45,0,1.6,-7.42,Decreasing
2025-06-01,2025,6,Richards Bay,Paradip,Supramax,Coal,53500,58000,33.01,618.39,107.07,Summer,1.04,6900,23.96,0.68,1.15,87.7,28936,2.14,14.5,290,45,245,0.95,-2.45,Decreasing
2025-06-01,2025,6,Richards Bay,Paradip,Panamax,Coal,65500,72000,30.95,618.39,107.07,Summer,1.04,6900,23.96,0.68,1.15,87.7,28936,2.14,14.5,290,45,300,1.26,5.7,Increasing
2025-06-01,2025,6,Richards Bay,Paradip,Capesize,Coal,151500,160000,22.95,618.39,107.07,Summer,1.04,6900,22.12,0.68,1.15,87.7,28936,2.14,14.5,290,45,194,1.09,-8.13,Decreasing
2025-06-01,2025,6,Indonesia,Paradip,Handysize,Coal,33500,38000,27.02,618.39,107.07,Summer,1.04,3000,10.42,0.2,0.41,91.6,29713,2.01,14.5,290,45,228,0.51,-6.08,Decreasing
2025-06-01,2025,6,Indonesia,Paradip,Supramax,Coal,54500,58000,24.61,618.39,107.07,Summer,1.04,3000,10.42,0.2,0.41,91.6,29713,2.01,14.5,290,45,198,0.81,-3.79,Decreasing
2025-06-01,2025,6,Indonesia,Paradip,Panamax,Coal,66500,72000,21.35,618.39,107.07,Summer,1.04,3000,10.42,0.2,0.41,91.6,29713,2.01,14.5,290,45,55,0.34,-4.39,Decreasing
2025-06-01,2025,6,Indonesia,Paradip,Capesize,Coal,155000,160000,18.54,618.39,107.07,Summer,1.04,3000,9.62,0.2,0.41,91.6,29713,2.01,14.5,290,45,236,0.2,6.06,Increasing
2025-06-01,2025,6,Brazil,Dhamra,Handysize,Iron Ore,33000,38000,43.31,618.39,107.07,Summer,1.04,11000,38.19,1.53,1.36,82.8,28656,2.45,18.0,300,48,42,1.47,1.5,Stable
2025-06-01,2025,6,Brazil,Dhamra,Supramax,Iron Ore,53000,58000,35.43,618.39,107.07,Summer,1.04,11000,38.19,1.53,1.36,82.8,28656,2.45,18.0,300,48,167,2.08,-2.48,Decreasing
2025-06-01,2025,6,Brazil,Dhamra,Panamax,Iron Ore,72000,72000,33.26,618.39,107.07,Summer,1.04,11000,38.19,1.53,1.36,82.8,28656,2.45,18.0,300,48,249,1.69,-2.49,Decreasing
2025-06-01,2025,6,Brazil,Dhamra,Capesize,Iron Ore,154000,160000,26.53,618.39,107.07,Summer,1.04,11000,35.26,1.53,1.36,82.8,28656,2.45,18.0,300,48,175,1.77,-3.39,Decreasing
2025-07-01,2025,7,Newcastle,Paradip,Handysize,Coal,37000,38000,31.06,612.56,104.91,Summer,1.0,4200,14.58,1.25,1.39,90.7,29309,2.57,14.5,290,45,185,1.87,-2.97,Decreasing
2025-07-01,2025,7,Newcastle,Paradip,Supramax,Coal,57000,58000,25.51,612.56,104.91,Summer,1.0,4200,14.58,1.25,1.39,90.7,29309,2.57,14.5,290,45,54,1.95,-5.06,Decreasing
2025-07-01,2025,7,Newcastle,Paradip,Panamax,Coal,67000,72000,23.93,612.56,104.91,Summer,1.0,4200,14.58,1.25,1.39,90.7,29309,2.57,14.5,290,45,59,1.48,-4.59,Decreasing
2025-07-01,2025,7,Newcastle,Paradip,Capesize,Coal,143500,160000,21.42,612.56,104.91,Summer,1.0,4200,13.46,1.25,1.39,90.7,29309,2.57,14.5,290,45,158,1.6,8.02,Increasing
2025-07-01,2025,7,Newcastle,Dhamra,Handysize,Coal,34500,38000,32.47,612.56,104.91,Summer,1.0,4250,14.76,1.12,1.99,89.7,28210,3.07,18.0,300,48,117,2.19,-0.49,Stable
2025-07-01,2025,7,Newcastle,Dhamra,Supramax,Coal,55000,58000,28.29,612.56,104.91,Summer,1.0,4250,14.76,1.12,1.99,89.7,28210,3.07,18.0,300,48,17,2.37,-3.71,Decreasing
2025-07-01,2025,7,Newcastle,Dhamra,Panamax,Coal,67000,72000,25.62,612.56,104.91,Summer,1.0,4250,14.76,1.12,1.99,89.7,28210,3.07,18.0,300,48,222,2.6,0.55,Stable
2025-07-01,2025,7,Newcastle,Dhamra,Capesize,Coal,157000,160000,21.38,612.56,104.91,Summer,1.0,4250,13.62,1.12,1.99,89.7,28210,3.07,18.0,300,48,275,2.27,6.74,Increasing
2025-07-01,2025,7,Gladstone,Paradip,Handysize,Coal,35000,38000,32.52,612.56,104.91,Summer,1.0,4800,16.67,0.82,1.7,88.7,29302,2.97,14.5,290,45,263,1.86,-3.42,Decreasing
2025-07-01,2025,7,Gladstone,Paradip,Supramax,Coal,58000,58000,27.56,612.56,104.91,Summer,1.0,4800,16.67,0.82,1.7,88.7,29302,2.97,14.5,290,45,115,1.86,-3.8,Decreasing
2025-07-01,2025,7,Gladstone,Paradip,Panamax,Coal,70000,72000,26.33,612.56,104.91,Summer,1.0,4800,16.67,0.82,1.7,88.7,29302,2.97,14.5,290,45,184,1.57,0.53,Stable
2025-07-01,2025,7,Gladstone,Paradip,Capesize,Coal,145000,160000,21.33,612.56,104.91,Summer,1.0,4800,15.38,0.82,1.7,88.7,29302,2.97,14.5,290,45,50,1.71,-4.35,Decreasing
2025-07-01,2025,7,Richards Bay,Paradip,Handysize,Coal,33500,38000,34.4,612.56,104.91,Summer,1.0,6900,23.96,1.08,1.27,90.5,27609,3.4,14.5,290,45,97,1.66,-5.62,Decreasing
2025-07-01,2025,7,Richards Bay,Paradip,Supramax,Coal,54000,58000,31.67,612.56,104.91,Summer,1.0,6900,23.96,1.08,1.27,90.5,27609,3.4,14.5,290,45,38,1.66,-4.06,Decreasing
2025-07-01,2025,7,Richards Bay,Paradip,Panamax,Coal,66500,72000,28.34,612.56,104.91,Summer,1.0,6900,23.96,1.08,1.27,90.5,27609,3.4,14.5,290,45,152,1.15,-8.43,Decreasing
2025-07-01,2025,7,Richards Bay,Paradip,Capesize,Coal,145000,160000,23.67,612.56,104.91,Summer,1.0,6900,22.12,1.08,1.27,90.5,27609,3.4,14.5,290,45,191,1.73,3.14,Increasing
2025-07-01,2025,7,Indonesia,Paradip,Handysize,Coal,37500,38000,27.43,612.56,104.91,Summer,1.0,3000,10.42,0.98,1.58,87.5,28807,1.74,14.5,290,45,282,1.91,1.52,Stable
2025-07-01,2025,7,Indonesia,Paradip,Supramax,Coal,53500,58000,23.5,612.56,104.91,Summer,1.0,3000,10.42,0.98,1.58,87.5,28807,1.74,14.5,290,45,178,1.52,-4.51,Decreasing
2025-07-01,2025,7,Indonesia,Paradip,Panamax,Coal,67000,72000,21.06,612.56,104.91,Summer,1.0,3000,10.42,0.98,1.58,87.5,28807,1.74,14.5,290,45,288,1.24,-1.36,Stable
2025-07-01,2025,7,Indonesia,Paradip,Capesize,Coal,156000,160000,16.56,612.56,104.91,Summer,1.0,3000,9.62,0.98,1.58,87.5,28807,1.74,14.5,290,45,50,2.05,-10.68,Decreasing
2025-07-01,2025,7,Brazil,Dhamra,Handysize,Iron Ore,35000,38000,41.13,612.56,104.91,Summer,1.0,11000,38.19,1.2,2.16,91.5,28948,3.0,18.0,300,48,259,2.18,-5.03,Decreasing
2025-07-01,2025,7,Brazil,Dhamra,Supramax,Iron Ore,53500,58000,35.18,612.56,104.91,Summer,1.0,11000,38.19,1.2,2.16,91.5,28948,3.0,18.0,300,48,0,2.41,-0.71,Stable
2025-07-01,2025,7,Brazil,Dhamra,Panamax,Iron Ore,63500,72000,32.03,612.56,104.91,Summer,1.0,11000,38.19,1.2,2.16,91.5,28948,3.0,18.0,300,48,229,2.26,-3.7,Decreasing
2025-07-01,2025,7,Brazil,Dhamra,Capesize,Iron Ore,158500,160000,24.74,612.56,104.91,Summer,1.0,11000,35.26,1.2,2.16,91.5,28948,3.0,18.0,300,48,255,2.55,-6.75,Decreasing
2025-08-01,2025,8,Newcastle,Paradip,Handysize,Coal,34500,38000,30.09,571.41,111.93,Summer,0.96,4200,14.58,0.45,0.59,92.1,29530,2.93,14.5,290,45,128,0.2,-3.12,Decreasing
2025-08-01,2025,8,Newcastle,Paradip,Supramax,Coal,54500,58000,23.96,571.41,111.93,Summer,0.96,4200,14.58,0.45,0.59,92.1,29530,2.93,14.5,290,45,188,0.43,-6.08,Decreasing
2025-08-01,2025,8,Newcastle,Paradip,Panamax,Coal,68000,72000,24.29,571.41,111.93,Summer,0.96,4200,14.58,0.45,0.59,92.1,29530,2.93,14.5,290,45,84,0.94,1.5,Stable
2025-08-01,2025,8,Newcastle,Paradip,Capesize,Coal,148500,160000,20.25,571.41,111.93,Summer,0.96,4200,13.46,0.45,0.59,92.1,29530,2.93,14.5,290,45,130,0.46,-5.46,Decreasing
2025-08-01,2025,8,Newcastle,Dhamra,Handysize,Coal,36500,38000,29.26,571.41,111.93,Summer,0.96,4250,14.76,1.31,1.66,84.3,28394,2.62,18.0,300,48,161,2.06,-9.89,Decreasing
2025-08-01,2025,8,Newcastle,Dhamra,Supramax,Coal,55000,58000,27.7,571.41,111.93,Summer,0.96,4250,14.76,1.31,1.66,84.3,28394,2.62,18.0,300,48,154,1.85,-2.09,Decreasing
2025-08-01,2025,8,Newcastle,Dhamra,Panamax,Coal,69000,72000,24.29,571.41,111.93,Summer,0.96,4250,14.76,1.31,1.66,84.3,28394,2.62,18.0,300,48,128,2.03,-5.19,Decreasing
2025-08-01,2025,8,Newcastle,Dhamra,Capesize,Coal,147500,160000,19.25,571.41,111.93,Summer,0.96,4250,13.62,1.31,1.66,84.3,28394,2.62,18.0,300,48,117,2.24,-9.96,Decreasing
2025-08-01,2025,8,Gladstone,Paradip,Handysize,Coal,35500,38000,32.13,571.41,111.93,Summer,0.96,4800,16.67,0.2,1.01,90.2,29977,3.06,14.5,290,45,0,1.39,-1.2,Stable
2025-08-01,2025,8,Gladstone,Paradip,Supramax,Coal,53000,58000,28.01,571.41,111.93,Summer,0.96,4800,16.67,0.2,1.01,90.2,29977,3.06,14.5,290,45,219,0.83,1.63,Stable
2025-08-01,2025,8,Gladstone,Paradip,Panamax,Coal,69000,72000,24.58,571.41,111.93,Summer,0.96,4800,16.67,0.2,1.01,90.2,29977,3.06,14.5,290,45,0,1.34,-6.65,Decreasing
2025-08-01,2025,8,Gladstone,Paradip,Capesize,Coal,146500,160000,19.52,571.41,111.93,Summer,0.96,4800,15.38,0.2,1.01,90.2,29977,3.06,14.5,290,45,127,1.11,-8.49,Decreasing
2025-08-01,2025,8,Richards Bay,Paradip,Handysize,Coal,37500,38000,34.47,571.41,111.93,Summer,0.96,6900,23.96,0.9,1.66,86.9,28836,2.37,14.5,290,45,246,1.83,0.2,Stable
2025-08-01,2025,8,Richards Bay,Paradip,Supramax,Coal,53500,58000,29.8,571.41,111.93,Summer,0.96,6900,23.96,0.9,1.66,86.9,28836,2.37,14.5,290,45,146,1.97,-5.9,Decreasing
2025-08-01,2025,8,Richards Bay,Paradip,Panamax,Coal,70500,72000,27.39,571.41,111.93,Summer,0.96,6900,23.96,0.9,1.66,86.9,28836,2.37,14.5,290,45,254,1.58,-3.35,Decreasing
2025-08-01,2025,8,Richards Bay,Paradip,Capesize,Coal,148500,160000,21.43,571.41,111.93,Summer,0.96,6900,22.12,0.9,1.66,86.9,28836,2.37,14.5,290,45,185,1.73,-9.46,Decreasing
2025-08-01,2025,8,Indonesia,Paradip,Handysize,Coal,38000,38000,25.99,571.41,111.93,Summer,0.96,3000,10.42,1.34,1.51,87.0,26952,3.06,14.5,290,45,0,1.79,-5.25,Decreasing
2025-08-01,2025,8,Indonesia,Paradip,Supramax,Coal,54500,58000,22.8,571.41,111.93,Summer,0.96,3000,10.42,1.34,1.51,87.0,26952,3.06,14.5,290,45,239,1.94,-2.98,Decreasing
2025-08-01,2025,8,Indonesia,Paradip,Panamax,Coal,68500,72000,21.1,571.41,111.93,Summer,0.96,3000,10.42,1.34,1.51,87.0,26952,3.06,14.5,290,45,151,2.19,0.19,Stable
2025-08-01,2025,8,Indonesia,Paradip,Capesize,Coal,143500,160000,17.1,571.41,111.93,Summer,0.96,3000,9.62,1.34,1.51,87.0,26952,3.06,14.5,290,45,165,1.95,3.26,Increasing
2025-08-01,2025,8,Brazil,Dhamra,Handysize,Iron Ore,33500,38000,39.92,571.41,111.93,Summer,0.96,11000,38.19,0.47,0.49,92.9,30479,3.12,18.0,300,48,349,0.48,-2.94,Decreasing
2025-08-01,2025,8,Brazil,Dhamra,Supramax,Iron Ore,52500,58000,33.52,571.41,111.93,Summer,0.96,11000,38.19,0.47,0.49,92.9,30479,3.12,18.0,300,48,161,0.71,-4.72,Decreasing
2025-08-01,2025,8,Brazil,Dhamra,Panamax,Iron Ore,66500,72000,31.72,571.41,111.93,Summer,0.96,11000,38.19,0.47,0.49,92.9,30479,3.12,18.0,300,48,70,0.2,-0.97,Stable
2025-08-01,2025,8,Brazil,Dhamra,Capesize,Iron Ore,156500,160000,22.97,571.41,111.93,Summer,0.96,11000,35.26,0.47,0.49,92.9,30479,3.12,18.0,300,48,143,1.35,-7.15,Decreasing
2025-09-01,2025,9,Newcastle,Paradip,Handysize,Coal,35500,38000,29.29,564.36,101.78,Autumn,0.9307,4200,14.58,1.27,1.84,83.2,29655,3.53,14.5,290,45,109,2.39,-2.66,Decreasing
2025-09-01,2025,9,Newcastle,Paradip,Supramax,Coal,54000,58000,25.19,564.36,101.78,Autumn,0.9307,4200,14.58,1.27,1.84,83.2,29655,3.53,14.5,290,45,85,1.82,5.13,Increasing
2025-09-01,2025,9,Newcastle,Paradip,Panamax,Coal,69000,72000,22.3,564.36,101.78,Autumn,0.9307,4200,14.58,1.27,1.84,83.2,29655,3.53,14.5,290,45,91,1.91,-8.19,Decreasing
2025-09-01,2025,9,Newcastle,Paradip,Capesize,Coal,154000,160000,17.92,564.36,101.78,Autumn,0.9307,4200,13.46,1.27,1.84,83.2,29655,3.53,14.5,290,45,150,2.07,-11.51,Decreasing
2025-09-01,2025,9,Newcastle,Dhamra,Handysize,Coal,36000,38000,29.66,564.36,101.78,Autumn,0.9307,4250,14.76,0.25,0.39,92.2,30445,3.37,18.0,300,48,305,0.42,1.37,Stable
2025-09-01,2025,9,Newcastle,Dhamra,Supramax,Coal,55500,58000,24.8,564.36,101.78,Autumn,0.9307,4250,14.76,0.25,0.39,92.2,30445,3.37,18.0,300,48,356,0.93,-10.47,Decreasing
2025-09-01,2025,9,Newcastle,Dhamra,Panamax,Coal,67500,72000,23.11,564.36,101.78,Autumn,0.9307,4250,14.76,0.25,0.39,92.2,30445,3.37,18.0,300,48,268,0.4,-4.86,Decreasing
2025-09-01,2025,9,Newcastle,Dhamra,Capesize,Coal,147000,160000,19.12,564.36,101.78,Autumn,0.9307,4250,13.62,0.25,0.39,92.2,30445,3.37,18.0,300,48,166,0.48,-0.68,Stable
2025-09-01,2025,9,Gladstone,Paradip,Handysize,Coal,37000,38000,30.11,564.36,101.78,Autumn,0.9307,4800,16.67,0.84,0.81,91.5,28833,3.32,14.5,290,45,75,0.95,-6.29,Decreasing
2025-09-01,2025,9,Gladstone,Paradip,Supramax,Coal,54500,58000,27.16,564.36,101.78,Autumn,0.9307,4800,16.67,0.84,0.81,91.5,28833,3.32,14.5,290,45,98,1.31,-3.03,Decreasing
2025-09-01,2025,9,Gladstone,Paradip,Panamax,Coal,72000,72000,24.01,564.36,101.78,Autumn,0.9307,4800,16.67,0.84,0.81,91.5,28833,3.32,14.5,290,45,259,0.7,-2.32,Decreasing
2025-09-01,2025,9,Gladstone,Paradip,Capesize,Coal,155500,160000,20.26,564.36,101.78,Autumn,0.9307,4800,15.38,0.84,0.81,91.5,28833,3.32,14.5,290,45,229,0.96,3.79,Increasing
2025-09-01,2025,9,Richards Bay,Paradip,Handysize,Coal,34500,38000,32.33,564.36,101.78,Autumn,0.9307,6900,23.96,0.2,0.65,92.0,29846,2.89,14.5,290,45,75,0.5,-6.21,Decreasing
2025-09-01,2025,9,Richards Bay,Paradip,Supramax,Coal,56500,58000,28.02,564.36,101.78,Autumn,0.9307,6900,23.96,0.2,0.65,92.0,29846,2.89,14.5,290,45,118,0.57,-5.97,Decreasing
2025-09-01,2025,9,Richards Bay,Paradip,Panamax,Coal,68500,72000,26.09,564.36,101.78,Autumn,0.9307,6900,23.96,0.2,0.65,92.0,29846,2.89,14.5,290,45,0,0.94,-4.75,Decreasing
2025-09-01,2025,9,Richards Bay,Paradip,Capesize,Coal,157500,160000,19.97,564.36,101.78,Autumn,0.9307,6900,22.12,0.2,0.65,92.0,29846,2.89,14.5,290,45,82,0.57,-6.81,Decreasing
2025-09-01,2025,9,Indonesia,Paradip,Handysize,Coal,33500,38000,25.72,564.36,101.78,Autumn,0.9307,3000,10.42,0.88,1.53,86.1,30016,2.23,14.5,290,45,188,1.24,-1.04,Stable
2025-09-01,2025,9,Indonesia,Paradip,Supramax,Coal,55500,58000,21.46,564.36,101.78,Autumn,0.9307,3000,10.42,0.88,1.53,86.1,30016,2.23,14.5,290,45,123,1.75,-5.88,Decreasing
2025-09-01,2025,9,Indonesia,Paradip,Panamax,Coal,68500,72000,20.06,564.36,101.78,Autumn,0.9307,3000,10.42,0.88,1.53,86.1,30016,2.23,14.5,290,45,254,1.79,-4.93,Decreasing
2025-09-01,2025,9,Indonesia,Paradip,Capesize,Coal,144000,160000,15.52,564.36,101.78,Autumn,0.9307,3000,9.62,0.88,1.53,86.1,30016,2.23,14.5,290,45,395,1.87,-9.24,Decreasing
2025-09-01,2025,9,Brazil,Dhamra,Handysize,Iron Ore,32500,38000,38.36,564.36,101.78,Autumn,0.9307,11000,38.19,2.6,3.4,75.9,26851,3.32,18.0,300,48,256,3.72,-3.91,Decreasing
2025-09-01,2025,9,Brazil,Dhamra,Supramax,Iron Ore,55000,58000,33.92,564.36,101.78,Autumn,0.9307,11000,38.19,2.6,3.4,75.9,26851,3.32,18.0,300,48,87,3.76,1.19,Stable
2025-09-01,2025,9,Brazil,Dhamra,Panamax,Iron Ore,65500,72000,29.5,564.36,101.78,Autumn,0.9307,11000,38.19,2.6,3.4,75.9,26851,3.32,18.0,300,48,56,3.64,-7.0,Decreasing
2025-09-01,2025,9,Brazil,Dhamra,Capesize,Iron Ore,157500,160000,23.73,564.36,101.78,Autumn,0.9307,11000,35.26,2.6,3.4,75.9,26851,3.32,18.0,300,48,170,3.74,3.31,Increasing
2025-10-01,2025,10,Newcastle,Paradip,Handysize,Coal,36000,38000,29.57,558.51,112.73,Autumn,0.92,4200,14.58,1.97,2.29,85.1,27106,2.44,14.5,290,45,115,2.91,0.96,Stable
2025-10-01,2025,10,Newcastle,Paradip,Supramax,Coal,56000,58000,26.36,558.51,112.73,Autumn,0.92,4200,14.58,1.97,2.29,85.1,27106,2.44,14.5,290,45,122,2.33,4.64,Increasing
2025-10-01,2025,10,Newcastle,Paradip,Panamax,Coal,66500,72000,22.9,558.51,112.73,Autumn,0.92,4200,14.58,1.97,2.29,85.1,27106,2.44,14.5,290,45,164,2.55,2.69,Increasing
2025-10-01,2025,10,Newcastle,Paradip,Capesize,Coal,141000,160000,18.91,558.51,112.73,Autumn,0.92,4200,13.46,1.97,2.29,85.1,27106,2.44,14.5,290,45,317,2.76,5.52,Increasing
2025-10-01,2025,10,Newcastle,Dhamra,Handysize,Coal,34500,38000,29.11,558.51,112.73,Autumn,0.92,4250,14.76,2.14,2.72,81.2,27715,3.24,18.0,300,48,140,3.18,-1.85,Stable
2025-10-01,2025,10,Newcastle,Dhamra,Supramax,Coal,54000,58000,26.12,558.51,112.73,Autumn,0.92,4250,14.76,2.14,2.72,81.2,27715,3.24,18.0,300,48,195,3.31,5.32,Increasing
2025-10-01,2025,10,Newcastle,Dhamra,Panamax,Coal,70500,72000,23.55,558.51,112.73,Autumn,0.92,4250,14.76,2.14,2.72,81.2,27715,3.24,18.0,300,48,55,3.01,1.9,Stable
2025-10-01,2025,10,Newcastle,Dhamra,Capesize,Coal,150500,160000,17.81,558.51,112.73,Autumn,0.92,4250,13.62,2.14,2.72,81.2,27715,3.24,18.0,300,48,271,3.14,-6.85,Decreasing
2025-10-01,2025,10,Gladstone,Paradip,Handysize,Coal,34500,38000,30.31,558.51,112.73,Autumn,0.92,4800,16.67,2.01,2.89,81.4,27511,2.72,14.5,290,45,293,3.15,0.66,Stable
2025-10-01,2025,10,Gladstone,Paradip,Supramax,Coal,55500,58000,25.47,558.51,112.73,Autumn,0.92,4800,16.67,2.01,2.89,81.4,27511,2.72,14.5,290,45,254,3.51,-6.22,Decreasing
2025-10-01,2025,10,Gladstone,Paradip,Panamax,Coal,68000,72000,24.2,558.51,112.73,Autumn,0.92,4800,16.67,2.01,2.89,81.4,27511,2.72,14.5,290,45,192,3.82,0.79,Stable
2025-10-01,2025,10,Gladstone,Paradip,Capesize,Coal,142000,160000,20.45,558.51,112.73,Autumn,0.92,4800,15.38,2.01,2.89,81.4,27511,2.72,14.5,290,45,87,3.24,0.94,Stable
2025-10-01,2025,10,Richards Bay,Paradip,Handysize,Coal,32500,38000,33.78,558.51,112.73,Autumn,0.92,6900,23.96,1.66,1.96,79.9,28724,3.03,14.5,290,45,133,1.97,4.48,Increasing
2025-10-01,2025,10,Richards Bay,Paradip,Supramax,Coal,55000,58000,27.83,558.51,112.73,Autumn,0.92,6900,23.96,1.66,1.96,79.9,28724,3.03,14.5,290,45,163,1.91,-0.68,Stable
2025-10-01,2025,10,Richards Bay,Paradip,Panamax,Coal,68500,72000,25.56,558.51,112.73,Autumn,0.92,6900,23.96,1.66,1.96,79.9,28724,3.03,14.5,290,45,123,2.34,-2.03,Decreasing
2025-10-01,2025,10,Richards Bay,Paradip,Capesize,Coal,146500,160000,21.29,558.51,112.73,Autumn,0.92,6900,22.12,1.66,1.96,79.9,28724,3.03,14.5,290,45,38,2.42,6.61,Increasing
2025-10-01,2025,10,Indonesia,Paradip,Handysize,Coal,37000,38000,26.14,558.51,112.73,Autumn,0.92,3000,10.42,2.77,4.03,75.8,25429,3.08,14.5,290,45,121,4.84,1.63,Stable
2025-10-01,2025,10,Indonesia,Paradip,Supramax,Coal,54000,58000,22.01,558.51,112.73,Autumn,0.92,3000,10.42,2.77,4.03,75.8,25429,3.08,14.5,290,45,198,4.27,2.56,Increasing
2025-10-01,2025,10,Indonesia,Paradip,Panamax,Coal,70000,72000,19.56,558.51,112.73,Autumn,0.92,3000,10.42,2.77,4.03,75.8,25429,3.08,14.5,290,45,75,4.3,-2.49,Decreasing
2025-10-01,2025,10,Indonesia,Paradip,Capesize,Coal,154000,160000,16.29,558.51,112.73,Autumn,0.92,3000,9.62,2.77,4.03,75.8,25429,3.08,14.5,290,45,52,4.38,4.96,Increasing
2025-10-01,2025,10,Brazil,Dhamra,Handysize,Iron Ore,34500,38000,37.45,558.51,112.73,Autumn,0.92,11000,38.19,1.78,1.8,87.0,27259,2.46,18.0,300,48,126,2.28,-2.37,Decreasing
2025-10-01,2025,10,Brazil,Dhamra,Supramax,Iron Ore,56000,58000,32.49,558.51,112.73,Autumn,0.92,11000,38.19,1.78,1.8,87.0,27259,2.46,18.0,300,48,61,2.44,-4.22,Decreasing
2025-10-01,2025,10,Brazil,Dhamra,Panamax,Iron Ore,67500,72000,30.89,558.51,112.73,Autumn,0.92,11000,38.19,1.78,1.8,87.0,27259,2.46,18.0,300,48,0,2.17,4.71,Increasing
2025-10-01,2025,10,Brazil,Dhamra,Capesize,Iron Ore,159500,160000,23.7,558.51,112.73,Autumn,0.92,11000,35.26,1.78,1.8,87.0,27259,2.46,18.0,300,48,141,2.2,-0.13,Stable
2025-11-01,2025,11,Newcastle,Paradip,Handysize,Coal,34500,38000,28.01,530.29,112.86,Autumn,0.9307,4200,14.58,1.95,2.79,81.0,28220,2.83,14.5,290,45,111,3.14,-5.28,Decreasing
2025-11-01,2025,11,Newcastle,Paradip,Supramax,Coal,52500,58000,24.48,530.29,112.86,Autumn,0.9307,4200,14.58,1.95,2.79,81.0,28220,2.83,14.5,290,45,118,3.67,-7.13,Decreasing
2025-11-01,2025,11,Newcastle,Paradip,Panamax,Coal,61500,72000,22.38,530.29,112.86,Autumn,0.9307,4200,14.58,1.95,2.79,81.0,28220,2.83,14.5,290,45,298,3.17,-2.27,Decreasing
2025-11-01,2025,11,Newcastle,Paradip,Capesize,Coal,154000,160000,18.38,530.29,112.86,Autumn,0.9307,4200,13.46,1.95,2.79,81.0,28220,2.83,14.5,290,45,106,2.58,-2.8,Decreasing
2025-11-01,2025,11,Newcastle,Dhamra,Handysize,Coal,38000,38000,29.63,530.29,112.86,Autumn,0.9307,4250,14.76,2.41,2.48,75.4,28326,2.2,18.0,300,48,122,2.62,1.79,Stable
2025-11-01,2025,11,Newcastle,Dhamra,Supramax,Coal,55500,58000,26.96,530.29,112.86,Autumn,0.9307,4250,14.76,2.41,2.48,75.4,28326,2.2,18.0,300,48,140,2.32,3.22,Increasing
2025-11-01,2025,11,Newcastle,Dhamra,Panamax,Coal,69000,72000,23.95,530.29,112.86,Autumn,0.9307,4250,14.76,2.41,2.48,75.4,28326,2.2,18.0,300,48,33,2.96,1.7,Stable
2025-11-01,2025,11,Newcastle,Dhamra,Capesize,Coal,152500,160000,18.82,530.29,112.86,Autumn,0.9307,4250,13.62,2.41,2.48,75.4,28326,2.2,18.0,300,48,96,3.17,5.67,Increasing
2025-11-01,2025,11,Gladstone,Paradip,Handysize,Coal,35000,38000,30.24,530.29,112.86,Autumn,0.9307,4800,16.67,2.08,1.95,82.5,27938,1.58,14.5,290,45,117,2.05,-0.23,Stable
2025-11-01,2025,11,Gladstone,Paradip,Supramax,Coal,54000,58000,24.94,530.29,112.86,Autumn,0.9307,4800,16.67,2.08,1.95,82.5,27938,1.58,14.5,290,45,101,2.24,-2.08,Decreasing
2025-11-01,2025,11,Gladstone,Paradip,Panamax,Coal,69000,72000,23.98,530.29,112.86,Autumn,0.9307,4800,16.67,2.08,1.95,82.5,27938,1.58,14.5,290,45,223,2.66,-0.91,Stable
2025-11-01,2025,11,Gladstone,Paradip,Capesize,Coal,155500,160000,19.82,530.29,112.86,Autumn,0.9307,4800,15.38,2.08,1.95,82.5,27938,1.58,14.5,290,45,160,2.08,-3.08,Decreasing
2025-11-01,2025,11,Richards Bay,Paradip,Handysize,Coal,33500,38000,34.2,530.29,112.86,Autumn,0.9307,6900,23.96,2.71,3.59,79.1,25684,2.77,14.5,290,45,181,4.4,1.24,Stable
2025-11-01,2025,11,Richards Bay,Paradip,Supramax,Coal,54500,58000,28.5,530.29,112.86,Autumn,0.9307,6900,23.96,2.71,3.59,79.1,25684,2.77,14.5,290,45,142,3.69,2.41,Increasing
2025-11-01,2025,11,Richards Bay,Paradip,Panamax,Coal,65000,72000,27.12,530.29,112.86,Autumn,0.9307,6900,23.96,2.71,3.59,79.1,25684,2.77,14.5,290,45,229,4.17,6.1,Increasing
2025-11-01,2025,11,Richards Bay,Paradip,Capesize,Coal,142000,160000,21.16,530.29,112.86,Autumn,0.9307,6900,22.12,2.71,3.59,79.1,25684,2.77,14.5,290,45,62,4.37,-0.61,Stable
2025-11-01,2025,11,Indonesia,Paradip,Handysize,Coal,34000,38000,23.88,530.29,112.86,Autumn,0.9307,3000,10.42,1.98,2.0,78.6,28664,2.61,14.5,290,45,0,2.35,-8.65,Decreasing
2025-11-01,2025,11,Indonesia,Paradip,Supramax,Coal,53500,58000,20.63,530.29,112.86,Autumn,0.9307,3000,10.42,1.98,2.0,78.6,28664,2.61,14.5,290,45,255,2.53,-6.27,Decreasing
2025-11-01,2025,11,Indonesia,Paradip,Panamax,Coal,67500,72000,20.72,530.29,112.86,Autumn,0.9307,3000,10.42,1.98,2.0,78.6,28664,2.61,14.5,290,45,213,2.15,5.93,Increasing
2025-11-01,2025,11,Indonesia,Paradip,Capesize,Coal,145500,160000,16.68,530.29,112.86,Autumn,0.9307,3000,9.62,1.98,2.0,78.6,28664,2.61,14.5,290,45,191,2.4,2.39,Increasing
2025-11-01,2025,11,Brazil,Dhamra,Handysize,Iron Ore,34000,38000,36.41,530.29,112.86,Autumn,0.9307,11000,38.19,1.83,2.47,81.1,28812,2.22,18.0,300,48,75,3.05,-2.78,Decreasing
2025-11-01,2025,11,Brazil,Dhamra,Supramax,Iron Ore,55000,58000,32.45,530.29,112.86,Autumn,0.9307,11000,38.19,1.83,2.47,81.1,28812,2.22,18.0,300,48,119,2.92,-0.12,Stable
2025-11-01,2025,11,Brazil,Dhamra,Panamax,Iron Ore,66000,72000,29.63,530.29,112.86,Autumn,0.9307,11000,38.19,1.83,2.47,81.1,28812,2.22,18.0,300,48,101,2.58,-4.08,Decreasing
2025-11-01,2025,11,Brazil,Dhamra,Capesize,Iron Ore,149500,160000,23.44,530.29,112.86,Autumn,0.9307,11000,35.26,1.83,2.47,81.1,28812,2.22,18.0,300,48,156,2.86,-1.1,Stable
2025-12-01,2025,12,Newcastle,Paradip,Handysize,Coal,35500,38000,29.11,500.11,116.38,Winter,0.96,4200,14.58,3.49,3.29,71.8,24888,2.08,14.5,290,45,209,3.72,3.93,Increasing
2025-12-01,2025,12,Newcastle,Paradip,Supramax,Coal,53000,58000,27.91,500.11,116.38,Winter,0.96,4200,14.58,3.49,3.29,71.8,24888,2.08,14.5,290,45,317,4.2,14.01,Increasing
2025-12-01,2025,12,Newcastle,Paradip,Panamax,Coal,68500,72000,22.27,500.11,116.38,Winter,0.96,4200,14.58,3.49,3.29,71.8,24888,2.08,14.5,290,45,281,4.19,-0.49,Stable
2025-12-01,2025,12,Newcastle,Paradip,Capesize,Coal,146500,160000,19.87,500.11,116.38,Winter,0.96,4200,13.46,3.49,3.29,71.8,24888,2.08,14.5,290,45,306,4.38,8.11,Increasing
2025-12-01,2025,12,Newcastle,Dhamra,Handysize,Coal,32000,38000,30.15,500.11,116.38,Winter,0.96,4250,14.76,2.44,2.39,80.1,25797,1.82,18.0,300,48,124,2.83,1.75,Stable
2025-12-01,2025,12,Newcastle,Dhamra,Supramax,Coal,56000,58000,25.71,500.11,116.38,Winter,0.96,4250,14.76,2.44,2.39,80.1,25797,1.82,18.0,300,48,10,3.34,-4.64,Decreasing
2025-12-01,2025,12,Newcastle,Dhamra,Panamax,Coal,65500,72000,22.86,500.11,116.38,Winter,0.96,4250,14.76,2.44,2.39,80.1,25797,1.82,18.0,300,48,248,2.73,-4.55,Decreasing
2025-12-01,2025,12,Newcastle,Dhamra,Capesize,Coal,150000,160000,19.57,500.11,116.38,Winter,0.96,4250,13.62,2.44,2.39,80.1,25797,1.82,18.0,300,48,246,2.74,3.99,Increasing
2025-12-01,2025,12,Gladstone,Paradip,Handysize,Coal,35000,38000,31.39,500.11,116.38,Winter,0.96,4800,16.67,3.5,2.93,65.9,26758,2.38,14.5,290,45,303,3.78,3.8,Increasing
2025-12-01,2025,12,Gladstone,Paradip,Supramax,Coal,55500,58000,26.98,500.11,116.38,Winter,0.96,4800,16.67,3.5,2.93,65.9,26758,2.38,14.5,290,45,211,3.56,8.18,Increasing
2025-12-01,2025,12,Gladstone,Paradip,Panamax,Coal,67500,72000,25.72,500.11,116.38,Winter,0.96,4800,16.67,3.5,2.93,65.9,26758,2.38,14.5,290,45,88,3.64,7.26,Increasing
2025-12-01,2025,12,Gladstone,Paradip,Capesize,Coal,149000,160000,19.87,500.11,116.38,Winter,0.96,4800,15.38,3.5,2.93,65.9,26758,2.38,14.5,290,45,190,3.51,0.25,Stable
2025-12-01,2025,12,Richards Bay,Paradip,Handysize,Coal,34500,38000,34.58,500.11,116.38,Winter,0.96,6900,23.96,0.69,1.04,91.8,28614,1.56,14.5,290,45,239,1.39,1.11,Stable
2025-12-01,2025,12,Richards Bay,Paradip,Supramax,Coal,53500,58000,29.29,500.11,116.38,Winter,0.96,6900,23.96,0.69,1.04,91.8,28614,1.56,14.5,290,45,141,1.11,2.77,Increasing
2025-12-01,2025,12,Richards Bay,Paradip,Panamax,Coal,68500,72000,25.61,500.11,116.38,Winter,0.96,6900,23.96,0.69,1.04,91.8,28614,1.56,14.5,290,45,279,1.12,-5.57,Decreasing
2025-12-01,2025,12,Richards Bay,Paradip,Capesize,Coal,153500,160000,22.05,500.11,116.38,Winter,0.96,6900,22.12,0.69,1.04,91.8,28614,1.56,14.5,290,45,242,0.81,4.21,Increasing
2025-12-01,2025,12,Indonesia,Paradip,Handysize,Coal,36500,38000,25.2,500.11,116.38,Winter,0.96,3000,10.42,2.91,3.47,69.9,26047,2.45,14.5,290,45,136,4.39,5.53,Increasing
2025-12-01,2025,12,Indonesia,Paradip,Supramax,Coal,54500,58000,21.92,500.11,116.38,Winter,0.96,3000,10.42,2.91,3.47,69.9,26047,2.45,14.5,290,45,89,4.08,6.25,Increasing
2025-12-01,2025,12,Indonesia,Paradip,Panamax,Coal,65000,72000,20.22,500.11,116.38,Winter,0.96,3000,10.42,2.91,3.47,69.9,26047,2.45,14.5,290,45,186,4.32,-2.41,Decreasing
2025-12-01,2025,12,Indonesia,Paradip,Capesize,Coal,153500,160000,16.15,500.11,116.38,Winter,0.96,3000,9.62,2.91,3.47,69.9,26047,2.45,14.5,290,45,254,3.92,-3.18,Decreasing
2025-12-01,2025,12,Brazil,Dhamra,Handysize,Iron Ore,37000,38000,37.55,500.11,116.38,Winter,0.96,11000,38.19,1.99,2.33,80.5,27625,2.72,18.0,300,48,57,2.28,3.13,Increasing
2025-12-01,2025,12,Brazil,Dhamra,Supramax,Iron Ore,55000,58000,33.56,500.11,116.38,Winter,0.96,11000,38.19,1.99,2.33,80.5,27625,2.72,18.0,300,48,283,2.75,3.42,Increasing
2025-12-01,2025,12,Brazil,Dhamra,Panamax,Iron Ore,67000,72000,30.2,500.11,116.38,Winter,0.96,11000,38.19,1.99,2.33,80.5,27625,2.72,18.0,300,48,169,2.27,1.92,Stable
2025-12-01,2025,12,Brazil,Dhamra,Capesize,Iron Ore,160000,160000,24.76,500.11,116.38,Winter,0.96,11000,35.26,1.99,2.33,80.5,27625,2.72,18.0,300,48,176,2.84,5.63,Increasing
